Revenue type,Date,Planned revenue volume,Actual revenue volume,Revenue completion rate,global_id,Quarter
"Административные штрафы, установленные Кодексом Российской Федерации об административных правонарушениях",2024-01-01,26.2,25.8,98.3,2687941950,2024Q1
"Доходы от продажи земельных участков, находящихся в государственной и муниципальной собственности",2024-01-01,1.8,4.5,253.3,2687942001,2024Q1
"НАЛОГИ НА ТОВАРЫ (РАБОТЫ, УСЛУГИ), РЕАЛИЗУЕМЫЕ НА ТЕРРИТОРИИ РОССИЙСКОЙ ФЕДЕРАЦИИ",2024-01-01,62.5,63.2,101.1,2687942000,2024Q1
"Доходы от реализации имущества, находящегося в государственной и муниципальной собственности (за исключением движимого имущества бюджетных и автономных учреждений, а также имущества государственных и муниципальных унитарных предприятий, в том числе казенных)",2024-01-01,8.2,10.8,131.7,2687941999,2024Q1
"Государственная пошлина за государственную регистрацию, а также за совершение прочих юридически значимых действий",2024-01-01,2.2,2.5,115.0,2687941998,2024Q1
Налог на доходы физических лиц,2024-01-01,1716.8,1744.0,101.6,2687941997,2024Q1
Доходы от продажи квартир,2024-01-01,3.9,4.7,119.5,2687941996,2024Q1
"Акцизы по подакцизным товарам (продукции), производимым на территории Российской Федерации",2024-01-01,62.5,63.2,101.1,2687942003,2024Q1
"Государственная пошлина за совершение действий, связанных с приобретением гражданства Российской Федерации или выходом из гражданства Российской Федерации, а также с въездом в Российскую Федерацию или выездом из Российской Федерации",2024-01-01,0.3,0.4,117.8,2687941995,2024Q1
ДОХОДЫ ОТ ПРОДАЖИ МАТЕРИАЛЬНЫХ И НЕМАТЕРИАЛЬНЫХ АКТИВОВ,2024-01-01,20.9,36.0,172.3,2687941993,2024Q1
"Государственная пошлина за государственную регистрацию актов гражданского состояния и другие юридически значимые действия, совершаемые органами записи актов гражданского состояния и иными уполномоченными органами (за исключением консульских учреждений Российской Федерации)",2024-01-01,0.0,0.1,0.0,2687941992,2024Q1
"НАЛОГИ НА ПРИБЫЛЬ, ДОХОДЫ",2024-01-01,2929.8,3188.8,108.8,2687941991,2024Q1
Доходы от компенсации затрат государства,2024-01-01,11.0,14.6,132.6,2687941990,2024Q1
"Государственная пошлина по делам, рассматриваемым в судах общей юрисдикции, мировыми судьями",2024-01-01,2.0,2.5,126.0,2687941989,2024Q1
Налоговые доходы,2024-01-01,3482.3,3750.0,107.7,2687941988,2024Q1
Налог на прибыль организаций,2024-01-01,1213.0,1444.8,119.1,2687941994,2024Q1
"Доходы от приватизации имущества, находящегося в государственной и муниципальной собственности",2024-01-01,6.9,15.9,229.6,2687942004,2024Q1
НАЛОГИ НА СОВОКУПНЫЙ ДОХОД,2024-01-01,234.8,225.5,96.0,2687942005,2024Q1
"Налог на прибыль организаций, зачислявшийся до 1 января 2005 года в местные бюджеты",2024-01-01,0.0,-3e-06,0.0,2687942006,2024Q1
Неналоговые доходы,2024-01-01,266.5,382.7,143.6,2687942021,2024Q1
"Налог, взимаемый в виде стоимости патента в связи с применением упрощенной системы налогообложения",2024-01-01,0.0,-0.001,0.0,2687942020,2024Q1
Прочие налоги и сборы (по отмененным местным налогам и сборам),2024-01-01,0.0,0.0004,0.0,2687942019,2024Q1
Торговый сбор,2024-01-01,8.0,8.1,101.4,2687942018,2024Q1
Прочие налоги и сборы (по отмененным налогам и сборам субъектов Российской Федерации),2024-01-01,0.0,0.001,0.0,2687942017,2024Q1
"Налог, взимаемый в связи с применением патентной системы налогообложения",2024-01-01,9.1,4.6,50.5,2687942016,2024Q1
Прочие налоги и сборы (по отмененным федеральным налогам и сборам),2024-01-01,0.0,-2e-06,0.0,2687942015,2024Q1
Единый сельскохозяйственный налог,2024-01-01,0.04,0.1,138.5,2687942014,2024Q1
"ШТРАФЫ, САНКЦИИ, ВОЗМЕЩЕНИЕ УЩЕРБА",2024-01-01,41.9,49.4,118.0,2687942013,2024Q1
Налоги на имущество,2024-01-01,0.0,0.003,0.0,2687942012,2024Q1
Единый налог на вмененный доход для отдельных видов деятельности,2024-01-01,0.0,-0.002,0.0,2687942011,2024Q1
"Платежи, взимаемые государственными и муниципальными органами (организациями) за выполнение определенных функций",2024-01-01,0.2,0.3,125.9,2687942010,2024Q1
Платежи за пользование природными ресурсами,2024-01-01,0.0,-1e-06,0.0,2687942009,2024Q1
"Налог, взимаемый в связи с применением упрощенной системы налогообложения",2024-01-01,210.7,202.0,95.9,2687942008,2024Q1
АДМИНИСТРАТИВНЫЕ ПЛАТЕЖИ И СБОРЫ,2024-01-01,0.2,0.3,125.9,2687942007,2024Q1
Доходы от оказания платных услуг (работ),2024-01-01,1.6,1.5,94.6,2687941987,2024Q1
"Доходы, всего",2024-01-01,3789.6,4211.0,111.1,2687941986,2024Q1
"ЗАДОЛЖЕННОСТЬ И ПЕРЕРАСЧЕТЫ ПО ОТМЕНЕННЫМ НАЛОГАМ, СБОРАМ И ИНЫМ ОБЯЗАТЕЛЬНЫМ ПЛАТЕЖАМ",2024-01-01,0.0,0.004,0.0,2687942002,2024Q1
ДОХОДЫ ОТ ОКАЗАНИЯ ПЛАТНЫХ УСЛУГ И КОМПЕНСАЦИИ ЗАТРАТ ГОСУДАРСТВА,2024-01-01,12.6,16.1,127.8,2687941984,2024Q1
"Платежи, уплачиваемые в целях возмещения вреда",2024-01-01,0.03,0.04,150.1,2687941965,2024Q1
"Плата по соглашениям об установлении сервитута в отношении земельных участков, находящихся в государственной или муниципальной собственности",2024-01-01,1e-05,0.01,137074.1,2687941964,2024Q1
Налог на имущество организаций,2024-01-01,166.2,179.1,107.8,2687941963,2024Q1
Платежи в целях возмещения причиненного ущерба (убытков),2024-01-01,0.05,0.2,441.6,2687941962,2024Q1
"Доходы, получаемые в виде арендной либо иной платы за передачу в возмездное пользование государственного и муниципального имущества (за исключением имущества бюджетных и автономных учреждений, а также имущества государственных и муниципальных унитарных предприятий, в том числе казенных)",2024-01-01,90.0,123.8,137.5,2687941961,2024Q1
"Штрафы, неустойки, пени, уплаченные в соответствии с законом или договором в случае неисполнения или ненадлежащего исполнения обязательств перед государственным (муниципальным) органом, органом управления государственным внебюджетным фондом, казенным учреждением, Центральным банком Российской Федерации, иной организацией, действующей от имени Российской Федерации",2024-01-01,3.6,4.5,124.5,2687941960,2024Q1
Налог на имущество физических лиц,2024-01-01,24.7,30.4,123.2,2687941959,2024Q1
Доходы от размещения средств бюджетов,2024-01-01,63.1,96.3,152.5,2687941958,2024Q1
НАЛОГИ НА ИМУЩЕСТВО,2024-01-01,250.6,267.0,106.5,2687941957,2024Q1
"Административные штрафы, установленные законами субъектов Российской Федерации об административных правонарушениях",2024-01-01,11.9,10.8,91.0,2687941956,2024Q1
"Доходы в виде прибыли, приходящейся на доли в уставных (складочных) капиталах хозяйственных товариществ и обществ, или дивидендов по акциям, принадлежащим Российской Федерации, субъектам Российской Федерации или муниципальным образованиям",2024-01-01,1.8,2.1,116.5,2687941955,2024Q1
"Налог, взимаемый в связи с применением специального налогового режима «Автоматизированная упрощенная система налогообложения»",2024-01-01,0.0,0.3,0.0,2687941954,2024Q1
"Административные штрафы, установленные Кодексом Российской Федерации об административных правонарушениях, за административные правонарушения в области производства и оборота этилового спирта, алкогольной и спиртосодержащей продукции, а также за административные правонарушения порядка ценообразования в части регулирования цен на этиловый спирт, алкогольную и спиртосодержащую продукцию",2024-01-01,0.1,0.1,118.4,2687941953,2024Q1
"ДОХОДЫ ОТ ИСПОЛЬЗОВАНИЯ ИМУЩЕСТВА, НАХОДЯЩЕГОСЯ В ГОСУДАРСТВЕННОЙ И МУНИЦИПАЛЬНОЙ СОБСТВЕННОСТИ",2024-01-01,164.2,230.8,140.5,2687941952,2024Q1
ГОСУДАРСТВЕННАЯ ПОШЛИНА,2024-01-01,4.5,5.5,121.2,2687941985,2024Q1
Транспортный налог,2024-01-01,32.0,32.6,101.9,2687941966,2024Q1
"Доходы от сумм пеней, предусмотренных законодательством Российской Федерации о налогах и сборах, подлежащие зачислению в бюджеты субъектов Российской Федерации по нормативу, установленному Бюджетным кодексом Российской Федерации, распределяемые Федеральным казначейством между бюджетами субъектов Российской Федерации в соответствии с федеральным законом о федеральном бюджете",2024-01-01,0.0,8.0,0.0,2687941967,2024Q1
Налог на профессиональный доход,2024-01-01,7.0,10.4,148.2,2687941951,2024Q1
Налог на игорный бизнес,2024-01-01,0.4,0.3,73.0,2687941969,2024Q1
Платежи от государственных и муниципальных унитарных предприятий,2024-01-01,1.3,0.9,65.4,2687941968,2024Q1
Платежи при пользовании недрами,2024-01-01,0.001,0.002,260.9,2687941982,2024Q1
Сборы за пользование объектами животного мира и за пользование объектами водных биологических ресурсов,2024-01-01,0.01,0.01,140.1,2687941981,2024Q1
"Прочие неналоговые доходы в части невыясненных поступлений, по которым не осуществлен возврат (уточнение) не позднее трех лет со дня их зачисления на единый счет соответствующего бюджета бюджетной системы Российской Федерации",2024-01-01,0.0001,0.001,715.8,2687941980,2024Q1
Плата за негативное воздействие на окружающую среду,2024-01-01,0.2,0.1,81.1,2687941979,2024Q1
Налог на добычу полезных ископаемых,2024-01-01,0.0,-0.1,0.0,2687941978,2024Q1
ПЛАТЕЖИ ПРИ ПОЛЬЗОВАНИИ ПРИРОДНЫМИ РЕСУРСАМИ,2024-01-01,0.2,0.2,81.8,2687941977,2024Q1
Безвозмездные поступления,2024-01-01,40.8,78.3,192.0,2687941983,2024Q1
"НАЛОГИ, СБОРЫ И РЕГУЛЯРНЫЕ ПЛАТЕЖИ ЗА ПОЛЬЗОВАНИЕ ПРИРОДНЫМИ РЕСУРСАМИ",2024-01-01,0.01,-0.04,-538.2,2687941975,2024Q1
"Прочие доходы от использования имущества и прав, находящихся в государственной и муниципальной собственности (за исключением имущества бюджетных и автономных учреждений, а также имущества государственных и муниципальных унитарных предприятий, в том числе казенных)",2024-01-01,7.8,7.7,98.5,2687941974,2024Q1
Невыясненные поступления,2024-01-01,0.0,-0.01,0.0,2687941973,2024Q1
Земельный налог,2024-01-01,27.3,24.6,89.8,2687941972,2024Q1
"Средства, получаемые от передачи имущества, находящегося в государственной и муниципальной собственности (за исключением имущества бюджетных и автономных учреждений, а также имущества государственных и муниципальных унитарных предприятий, в том числе казенных), в залог, в доверительное управление",2024-01-01,0.1,0.001,1.3,2687941971,2024Q1
ПРОЧИЕ НЕНАЛОГОВЫЕ ДОХОДЫ,2024-01-01,26.5,50.0,188.4,2687941970,2024Q1
Прочие неналоговые доходы,2024-01-01,26.5,50.0,188.4,2687941976,2024Q1
ПЛАТЕЖИ ПРИ ПОЛЬЗОВАНИИ ПРИРОДНЫМИ РЕСУРСАМИ,2024-04-01,0.2,0.05,28.1,2695056155,2024Q2
"Прочие неналоговые доходы в части невыясненных поступлений, по которым не осуществлен возврат (уточнение) не позднее трех лет со дня их зачисления на единый счет соответствующего бюджета бюджетной системы Российской Федерации",2024-04-01,0.001,2e-05,2.1,2695056154,2024Q2
НАЛОГИ НА ИМУЩЕСТВО,2024-04-01,281.4,60.0,21.3,2695056153,2024Q2
"Прочие доходы от использования имущества и прав, находящихся в государственной и муниципальной собственности (за исключением имущества бюджетных и автономных учреждений, а также имущества государственных и муниципальных унитарных предприятий, в том числе казенных)",2024-04-01,8.2,1.8,22.5,2695056152,2024Q2
Прочие неналоговые доходы,2024-04-01,39.9,22.8,57.2,2695056151,2024Q2
"Доходы от сумм пеней, предусмотренных законодательством Российской Федерации о налогах и сборах, подлежащие зачислению в бюджеты субъектов Российской Федерации по нормативу, установленному Бюджетным кодексом Российской Федерации, распределяемые Федеральным казначейством между бюджетами субъектов Российской Федерации в соответствии с федеральным законом о федеральном бюджете",2024-04-01,5.2,3.2,61.3,2695056141,2024Q2
"Налог, взимаемый в связи с применением специального налогового режима «Автоматизированная упрощенная система налогообложения»",2024-04-01,0.3,0.1,44.2,2695056150,2024Q2
Платежи от государственных и муниципальных унитарных предприятий,2024-04-01,0.3,0.1,30.0,2695056146,2024Q2
Налог на профессиональный доход,2024-04-01,11.1,3.2,29.4,2695056147,2024Q2
Торговый сбор,2024-04-01,8.5,2.4,27.9,2695056145,2024Q2
ПРОЧИЕ НЕНАЛОГОВЫЕ ДОХОДЫ,2024-04-01,39.9,22.8,57.1,2695056144,2024Q2
"Плата по соглашениям об установлении сервитута в отношении земельных участков, находящихся в государственной или муниципальной собственности",2024-04-01,0.004,0.1,1304.8,2695056143,2024Q2
"Налог, взимаемый в связи с применением патентной системы налогообложения",2024-04-01,9.7,4.6,47.5,2695056142,2024Q2
Налог на имущество физических лиц,2024-04-01,32.2,1.6,4.9,2695056156,2024Q2
Невыясненные поступления,2024-04-01,0.0,-0.01,0.0,2695056148,2024Q2
Плата за негативное воздействие на окружающую среду,2024-04-01,0.2,0.05,29.4,2695056157,2024Q2
Земельный налог,2024-04-01,28.1,5.8,20.6,2695056165,2024Q2
Налог на имущество организаций,2024-04-01,187.4,48.6,25.9,2695056159,2024Q2
"Доходы, получаемые в виде арендной либо иной платы за передачу в возмездное пользование государственного и муниципального имущества (за исключением имущества бюджетных и автономных учреждений, а также имущества государственных и муниципальных унитарных предприятий, в том числе казенных)",2024-04-01,104.8,30.9,29.4,2695056140,2024Q2
"Средства, получаемые от передачи имущества, находящегося в государственной и муниципальной собственности (за исключением имущества бюджетных и автономных учреждений, а также имущества государственных и муниципальных унитарных предприятий, в том числе казенных), в залог, в доверительное управление",2024-04-01,0.1,0.0,0.0,2695057050,2024Q2
"Доходы в виде прибыли, приходящейся на доли в уставных (складочных) капиталах хозяйственных товариществ и обществ, или дивидендов по акциям, принадлежащим Российской Федерации, субъектам Российской Федерации или муниципальным образованиям",2024-04-01,1.6,0.0,0.0,2695057049,2024Q2
ГОСУДАРСТВЕННАЯ ПОШЛИНА,2024-04-01,4.8,1.2,25.6,2695056171,2024Q2
Сборы за пользование объектами животного мира и за пользование объектами водных биологических ресурсов,2024-04-01,0.01,0.004,48.2,2695056170,2024Q2
Налог на добычу полезных ископаемых,2024-04-01,0.0,-0.002,0.0,2695056169,2024Q2
Безвозмездные поступления,2024-04-01,32.5,35.6,109.5,2695056158,2024Q2
ДОХОДЫ ОТ ПРОДАЖИ МАТЕРИАЛЬНЫХ И НЕМАТЕРИАЛЬНЫХ АКТИВОВ,2024-04-01,19.0,13.2,69.7,2695056168,2024Q2
Доходы от компенсации затрат государства,2024-04-01,13.0,4.5,34.6,2695056166,2024Q2
Доходы от оказания платных услуг (работ),2024-04-01,1.4,0.4,26.0,2695056164,2024Q2
Налог на игорный бизнес,2024-04-01,0.4,0.1,14.8,2695056163,2024Q2
ДОХОДЫ ОТ ОКАЗАНИЯ ПЛАТНЫХ УСЛУГ И КОМПЕНСАЦИИ ЗАТРАТ ГОСУДАРСТВА,2024-04-01,14.4,4.9,33.8,2695056162,2024Q2
Транспортный налог,2024-04-01,33.3,4.1,12.2,2695056161,2024Q2
Платежи при пользовании недрами,2024-04-01,0.01,4e-05,0.6,2695056160,2024Q2
"НАЛОГИ, СБОРЫ И РЕГУЛЯРНЫЕ ПЛАТЕЖИ ЗА ПОЛЬЗОВАНИЕ ПРИРОДНЫМИ РЕСУРСАМИ",2024-04-01,0.01,0.002,28.0,2695056167,2024Q2
Единый сельскохозяйственный налог,2024-04-01,0.1,0.04,70.9,2695056139,2024Q2
"ШТРАФЫ, САНКЦИИ, ВОЗМЕЩЕНИЕ УЩЕРБА",2024-04-01,46.5,12.9,27.8,2695056118,2024Q2
Доходы от размещения средств бюджетов,2024-04-01,73.0,28.6,39.2,2695056137,2024Q2
Налоги на имущество,2024-04-01,0.0,-0.0002,0.0,2695056116,2024Q2
"Платежи, взимаемые государственными и муниципальными органами (организациями) за выполнение определенных функций",2024-04-01,0.2,0.2,74.9,2695056115,2024Q2
"ЗАДОЛЖЕННОСТЬ И ПЕРЕРАСЧЕТЫ ПО ОТМЕНЕННЫМ НАЛОГАМ, СБОРАМ И ИНЫМ ОБЯЗАТЕЛЬНЫМ ПЛАТЕЖАМ",2024-04-01,0.0,-0.0003,0.0,2695056114,2024Q2
АДМИНИСТРАТИВНЫЕ ПЛАТЕЖИ И СБОРЫ,2024-04-01,0.2,0.2,74.9,2695056113,2024Q2
"Доходы от приватизации имущества, находящегося в государственной и муниципальной собственности",2024-04-01,4.4,6.3,142.2,2695056112,2024Q2
Налоговые доходы,2024-04-01,3981.5,967.4,24.3,2695056111,2024Q2
"НАЛОГИ НА ПРИБЫЛЬ, ДОХОДЫ",2024-04-01,3362.3,842.3,25.1,2695056117,2024Q2
"Государственная пошлина за государственную регистрацию, а также за совершение прочих юридически значимых действий",2024-04-01,1.9,0.4,21.2,2695056110,2024Q2
"Государственная пошлина за совершение действий, связанных с приобретением гражданства Российской Федерации или выходом из гражданства Российской Федерации, а также с въездом в Российскую Федерацию или выездом из Российской Федерации",2024-04-01,0.4,0.1,28.1,2695056108,2024Q2
"Доходы от реализации имущества, находящегося в государственной и муниципальной собственности (за исключением движимого имущества бюджетных и автономных учреждений, а также имущества государственных и муниципальных унитарных предприятий, в том числе казенных)",2024-04-01,8.1,4.3,53.1,2695056107,2024Q2
"Государственная пошлина за государственную регистрацию актов гражданского состояния и другие юридически значимые действия, совершаемые органами записи актов гражданского состояния и иными уполномоченными органами (за исключением консульских учреждений Российской Федерации)",2024-04-01,0.1,0.01,12.8,2695056106,2024Q2
"Доходы, всего",2024-04-01,4322.2,1118.4,25.9,2695056105,2024Q2
"Государственная пошлина по делам, рассматриваемым в судах общей юрисдикции, мировыми судьями",2024-04-01,2.4,0.7,29.0,2695056104,2024Q2
"Платежи, уплачиваемые в целях возмещения вреда",2024-04-01,0.04,0.01,16.8,2695056138,2024Q2
"Доходы от продажи земельных участков, находящихся в государственной и муниципальной собственности",2024-04-01,2.3,1.5,65.3,2695056109,2024Q2
Налог на прибыль организаций,2024-04-01,1458.2,454.2,31.2,2695056119,2024Q2
Доходы от продажи квартир,2024-04-01,4.2,1.1,27.5,2695056103,2024Q2
Единый налог на вмененный доход для отдельных видов деятельности,2024-04-01,0.0,3e-05,0.0,2695056136,2024Q2
Платежи в целях возмещения причиненного ущерба (убытков),2024-04-01,0.1,0.04,68.2,2695056135,2024Q2
"Налог, взимаемый в связи с применением упрощенной системы налогообложения",2024-04-01,238.4,38.9,16.3,2695056133,2024Q2
"Штрафы, неустойки, пени, уплаченные в соответствии с законом или договором в случае неисполнения или ненадлежащего исполнения обязательств перед государственным (муниципальным) органом, органом управления государственным внебюджетным фондом, казенным учреждением, Центральным банком Российской Федерации, иной организацией, действующей от имени Российской Федерации",2024-04-01,4.1,0.7,16.6,2695056132,2024Q2
"ДОХОДЫ ОТ ИСПОЛЬЗОВАНИЯ ИМУЩЕСТВА, НАХОДЯЩЕГОСЯ В ГОСУДАРСТВЕННОЙ И МУНИЦИПАЛЬНОЙ СОБСТВЕННОСТИ",2024-04-01,188.0,61.4,32.7,2695056131,2024Q2
Прочие налоги и сборы (по отмененным налогам и сборам субъектов Российской Федерации),2024-04-01,0.0,1e-05,0.0,2695056120,2024Q2
"Административные штрафы, установленные законами субъектов Российской Федерации об административных правонарушениях",2024-04-01,11.8,2.4,20.4,2695056129,2024Q2
Неналоговые доходы,2024-04-01,308.1,115.4,37.5,2695056128,2024Q2
НАЛОГИ НА СОВОКУПНЫЙ ДОХОД,2024-04-01,267.7,49.3,18.4,2695056130,2024Q2
"Административные штрафы, установленные Кодексом Российской Федерации об административных правонарушениях, за административные правонарушения в области производства и оборота этилового спирта, алкогольной и спиртосодержащей продукции, а также за административные правонарушения порядка ценообразования в части регулирования цен на этиловый спирт, алкогольную и спиртосодержащую продукцию",2024-04-01,0.1,0.01,17.1,2695056126,2024Q2
"Налог, взимаемый в виде стоимости патента в связи с применением упрощенной системы налогообложения",2024-04-01,0.0,-0.0001,0.0,2695056125,2024Q2
"НАЛОГИ НА ТОВАРЫ (РАБОТЫ, УСЛУГИ), РЕАЛИЗУЕМЫЕ НА ТЕРРИТОРИИ РОССИЙСКОЙ ФЕДЕРАЦИИ",2024-04-01,65.3,14.5,22.3,2695056124,2024Q2
"Административные штрафы, установленные Кодексом Российской Федерации об административных правонарушениях",2024-04-01,25.1,6.5,26.0,2695056123,2024Q2
Прочие налоги и сборы (по отмененным местным налогам и сборам),2024-04-01,0.0,1e-05,0.0,2695056122,2024Q2
Налог на доходы физических лиц,2024-04-01,1904.1,388.1,20.4,2695056121,2024Q2
"Акцизы по подакцизным товарам (продукции), производимым на территории Российской Федерации",2024-04-01,65.3,14.5,22.3,2695056127,2024Q2
"Налог, взимаемый в связи с применением патентной системы налогообложения",2024-07-01,9.7,8.0,82.5,2696369672,2024Q3
Плата за негативное воздействие на окружающую среду,2024-07-01,0.2,0.1,51.8,2696369671,2024Q3
Единый сельскохозяйственный налог,2024-07-01,0.1,0.05,80.0,2696369670,2024Q3
Безвозмездные поступления,2024-07-01,34.5,52.9,153.2,2696369669,2024Q3
ПЛАТЕЖИ ПРИ ПОЛЬЗОВАНИИ ПРИРОДНЫМИ РЕСУРСАМИ,2024-07-01,0.2,0.1,54.9,2696369668,2024Q3
Единый налог на вмененный доход для отдельных видов деятельности,2024-07-01,0.0,3e-05,0.0,2696369667,2024Q3
Платежи от государственных и муниципальных унитарных предприятий,2024-07-01,0.3,0.5,167.0,2696369659,2024Q3
"Прочие доходы от использования имущества и прав, находящихся в государственной и муниципальной собственности (за исключением имущества бюджетных и автономных учреждений, а также имущества государственных и муниципальных унитарных предприятий, в том числе казенных)",2024-07-01,8.2,3.8,46.8,2696369665,2024Q3
"Налог, взимаемый в связи с применением упрощенной системы налогообложения",2024-07-01,238.1,151.6,63.7,2696369664,2024Q3
Прочие неналоговые доходы,2024-07-01,39.9,47.8,119.9,2696369663,2024Q3
"Средства, получаемые от передачи имущества, находящегося в государственной и муниципальной собственности (за исключением имущества бюджетных и автономных учреждений, а также имущества государственных и муниципальных унитарных предприятий, в том числе казенных), в залог, в доверительное управление",2024-07-01,0.1,0.1,73.3,2696369662,2024Q3
Невыясненные поступления,2024-07-01,0.0,-0.001,0.0,2696369661,2024Q3
НАЛОГИ НА СОВОКУПНЫЙ ДОХОД,2024-07-01,267.7,171.6,64.1,2696369660,2024Q3
Платежи при пользовании недрами,2024-07-01,0.01,0.01,116.4,2696369673,2024Q3
"Прочие неналоговые доходы в части невыясненных поступлений, по которым не осуществлен возврат (уточнение) не позднее трех лет со дня их зачисления на единый счет соответствующего бюджета бюджетной системы Российской Федерации",2024-07-01,0.001,0.0001,18.4,2696369666,2024Q3
ДОХОДЫ ОТ ОКАЗАНИЯ ПЛАТНЫХ УСЛУГ И КОМПЕНСАЦИИ ЗАТРАТ ГОСУДАРСТВА,2024-07-01,14.4,7.8,54.1,2696369674,2024Q3
Налог на имущество организаций,2024-07-01,187.4,100.7,53.7,2696369683,2024Q3
Доходы от оказания платных услуг (работ),2024-07-01,1.4,0.9,63.7,2696369676,2024Q3
"Доходы в виде прибыли, приходящейся на доли в уставных (складочных) капиталах хозяйственных товариществ и обществ, или дивидендов по акциям, принадлежащим Российской Федерации, субъектам Российской Федерации или муниципальным образованиям",2024-07-01,1.6,0.0,0.0,2696369728,2024Q3
ГОСУДАРСТВЕННАЯ ПОШЛИНА,2024-07-01,4.8,2.6,53.7,2696369690,2024Q3
Сборы за пользование объектами животного мира и за пользование объектами водных биологических ресурсов,2024-07-01,0.01,0.01,83.6,2696369689,2024Q3
Налог на добычу полезных ископаемых,2024-07-01,0.0,-0.001,0.0,2696369688,2024Q3
"НАЛОГИ, СБОРЫ И РЕГУЛЯРНЫЕ ПЛАТЕЖИ ЗА ПОЛЬЗОВАНИЕ ПРИРОДНЫМИ РЕСУРСАМИ",2024-07-01,0.01,0.01,66.7,2696369687,2024Q3
Земельный налог,2024-07-01,28.1,12.4,44.0,2696369686,2024Q3
Торговый сбор,2024-07-01,8.5,4.9,57.3,2696369675,2024Q3
Налог на игорный бизнес,2024-07-01,0.4,0.1,29.5,2696369685,2024Q3
Налог на имущество физических лиц,2024-07-01,32.2,2.3,7.2,2696369682,2024Q3
НАЛОГИ НА ИМУЩЕСТВО,2024-07-01,281.4,122.5,43.5,2696369681,2024Q3
ДОХОДЫ ОТ ПРОДАЖИ МАТЕРИАЛЬНЫХ И НЕМАТЕРИАЛЬНЫХ АКТИВОВ,2024-07-01,19.0,23.8,125.4,2696369680,2024Q3
"Налог, взимаемый в связи с применением специального налогового режима «Автоматизированная упрощенная система налогообложения»",2024-07-01,0.3,0.3,96.3,2696369679,2024Q3
Доходы от компенсации затрат государства,2024-07-01,13.0,6.9,53.1,2696369678,2024Q3
Налог на профессиональный доход,2024-07-01,11.1,6.7,60.9,2696369677,2024Q3
Транспортный налог,2024-07-01,33.3,7.1,21.2,2696369684,2024Q3
ПРОЧИЕ НЕНАЛОГОВЫЕ ДОХОДЫ,2024-07-01,39.9,47.8,119.9,2696369658,2024Q3
"Административные штрафы, установленные Кодексом Российской Федерации об административных правонарушениях",2024-07-01,25.1,13.8,54.9,2696369638,2024Q3
"Плата по соглашениям об установлении сервитута в отношении земельных участков, находящихся в государственной или муниципальной собственности",2024-07-01,0.004,0.01,286.2,2696369656,2024Q3
Доходы от продажи квартир,2024-07-01,4.2,2.3,55.1,2696369623,2024Q3
"Доходы от реализации имущества, находящегося в государственной и муниципальной собственности (за исключением движимого имущества бюджетных и автономных учреждений, а также имущества государственных и муниципальных унитарных предприятий, в том числе казенных)",2024-07-01,8.1,7.9,98.4,2696369624,2024Q3
"Государственная пошлина за государственную регистрацию актов гражданского состояния и другие юридически значимые действия, совершаемые органами записи актов гражданского состояния и иными уполномоченными органами (за исключением консульских учреждений Российской Федерации)",2024-07-01,0.1,0.01,27.7,2696369625,2024Q3
"Государственная пошлина за совершение действий, связанных с приобретением гражданства Российской Федерации или выходом из гражданства Российской Федерации, а также с въездом в Российскую Федерацию или выездом из Российской Федерации",2024-07-01,0.4,0.3,63.0,2696369626,2024Q3
"Доходы от продажи земельных участков, находящихся в государственной и муниципальной собственности",2024-07-01,2.3,2.7,115.0,2696369627,2024Q3
"Доходы, всего",2024-07-01,4324.2,2365.6,54.7,2696369628,2024Q3
"Государственная пошлина за государственную регистрацию, а также за совершение прочих юридически значимых действий",2024-07-01,1.9,0.8,43.9,2696369629,2024Q3
"Доходы от приватизации имущества, находящегося в государственной и муниципальной собственности",2024-07-01,4.4,10.9,246.3,2696369630,2024Q3
"ЗАДОЛЖЕННОСТЬ И ПЕРЕРАСЧЕТЫ ПО ОТМЕНЕННЫМ НАЛОГАМ, СБОРАМ И ИНЫМ ОБЯЗАТЕЛЬНЫМ ПЛАТЕЖАМ",2024-07-01,0.0,-0.001,0.0,2696369631,2024Q3
АДМИНИСТРАТИВНЫЕ ПЛАТЕЖИ И СБОРЫ,2024-07-01,0.2,0.3,120.7,2696369632,2024Q3
Налоги на имущество,2024-07-01,0.0,-0.0004,0.0,2696369633,2024Q3
"Платежи, взимаемые государственными и муниципальными органами (организациями) за выполнение определенных функций",2024-07-01,0.2,0.3,120.7,2696369634,2024Q3
Прочие налоги и сборы (по отмененным налогам и сборам субъектов Российской Федерации),2024-07-01,0.0,1e-05,0.0,2696369635,2024Q3
"ШТРАФЫ, САНКЦИИ, ВОЗМЕЩЕНИЕ УЩЕРБА",2024-07-01,46.5,28.5,61.3,2696369636,2024Q3
Прочие налоги и сборы (по отмененным местным налогам и сборам),2024-07-01,0.0,-1e-05,0.0,2696369637,2024Q3
"Государственная пошлина по делам, рассматриваемым в судах общей юрисдикции, мировыми судьями",2024-07-01,2.4,1.4,60.5,2696369622,2024Q3
"Акцизы по подакцизным товарам (продукции), производимым на территории Российской Федерации",2024-07-01,65.3,28.4,43.5,2696369657,2024Q3
"Доходы от сумм пеней, предусмотренных законодательством Российской Федерации о налогах и сборах, подлежащие зачислению в бюджеты субъектов Российской Федерации по нормативу, установленному Бюджетным кодексом Российской Федерации, распределяемые Федеральным казначейством между бюджетами субъектов Российской Федерации в соответствии с федеральным законом о федеральном бюджете",2024-07-01,5.2,7.7,146.3,2696369655,2024Q3
"НАЛОГИ НА ТОВАРЫ (РАБОТЫ, УСЛУГИ), РЕАЛИЗУЕМЫЕ НА ТЕРРИТОРИИ РОССИЙСКОЙ ФЕДЕРАЦИИ",2024-07-01,65.3,28.4,43.5,2696369654,2024Q3
"Доходы, получаемые в виде арендной либо иной платы за передачу в возмездное пользование государственного и муниципального имущества (за исключением имущества бюджетных и автономных учреждений, а также имущества государственных и муниципальных унитарных предприятий, в том числе казенных)",2024-07-01,104.8,65.9,62.9,2696369653,2024Q3
"Платежи, уплачиваемые в целях возмещения вреда",2024-07-01,0.04,0.02,34.6,2696369652,2024Q3
Налоговые доходы,2024-07-01,3981.5,2070.5,52.0,2696369639,2024Q3
Доходы от размещения средств бюджетов,2024-07-01,73.0,63.8,87.4,2696369650,2024Q3
Платежи в целях возмещения причиненного ущерба (убытков),2024-07-01,0.1,0.04,71.9,2696369649,2024Q3
Налог на доходы физических лиц,2024-07-01,1904.1,894.2,47.0,2696369651,2024Q3
"Штрафы, неустойки, пени, уплаченные в соответствии с законом или договором в случае неисполнения или ненадлежащего исполнения обязательств перед государственным (муниципальным) органом, органом управления государственным внебюджетным фондом, казенным учреждением, Центральным банком Российской Федерации, иной организацией, действующей от имени Российской Федерации",2024-07-01,4.1,1.6,40.0,2696369646,2024Q3
"ДОХОДЫ ОТ ИСПОЛЬЗОВАНИЯ ИМУЩЕСТВА, НАХОДЯЩЕГОСЯ В ГОСУДАРСТВЕННОЙ И МУНИЦИПАЛЬНОЙ СОБСТВЕННОСТИ",2024-07-01,188.0,134.0,71.3,2696369645,2024Q3
"НАЛОГИ НА ПРИБЫЛЬ, ДОХОДЫ",2024-07-01,3362.3,1745.4,51.9,2696369644,2024Q3
"Административные штрафы, установленные законами субъектов Российской Федерации об административных правонарушениях",2024-07-01,11.8,5.3,44.9,2696369643,2024Q3
Неналоговые доходы,2024-07-01,308.1,242.3,78.6,2696369642,2024Q3
"Административные штрафы, установленные Кодексом Российской Федерации об административных правонарушениях, за административные правонарушения в области производства и оборота этилового спирта, алкогольной и спиртосодержащей продукции, а также за административные правонарушения порядка ценообразования в части регулирования цен на этиловый спирт, алкогольную и спиртосодержащую продукцию",2024-07-01,0.1,0.03,56.2,2696369641,2024Q3
"Налог, взимаемый в виде стоимости патента в связи с применением упрощенной системы налогообложения",2024-07-01,0.0,-0.0002,0.0,2696369640,2024Q3
Налог на прибыль организаций,2024-07-01,1458.2,851.2,58.4,2696369648,2024Q3
"Прочие доходы от использования имущества и прав, находящихся в государственной и муниципальной собственности (за исключением имущества бюджетных и автономных учреждений, а также имущества государственных и муниципальных унитарных предприятий, в том числе казенных)",2024-10-01,8.2,5.8,70.2,2703817723,2024Q4
Невыясненные поступления,2024-10-01,0.0,0.001,0.0,2703817722,2024Q4
"Средства, получаемые от передачи имущества, находящегося в государственной и муниципальной собственности (за исключением имущества бюджетных и автономных учреждений, а также имущества государственных и муниципальных унитарных предприятий, в том числе казенных), в залог, в доверительное управление",2024-10-01,0.1,0.1,73.3,2703817721,2024Q4
"Налог, взимаемый в связи с применением специального налогового режима «Автоматизированная упрощенная система налогообложения»",2024-10-01,0.3,0.5,152.9,2703817720,2024Q4
ПРОЧИЕ НЕНАЛОГОВЫЕ ДОХОДЫ,2024-10-01,39.9,72.0,180.5,2703817719,2024Q4
Платежи от государственных и муниципальных унитарных предприятий,2024-10-01,0.3,0.5,167.0,2703817718,2024Q4
"Налог, взимаемый в связи с применением патентной системы налогообложения",2024-10-01,9.7,9.5,97.6,2703817710,2024Q4
"Плата по соглашениям об установлении сервитута в отношении земельных участков, находящихся в государственной или муниципальной собственности",2024-10-01,0.004,0.1,1725.5,2703817716,2024Q4
"Доходы от сумм пеней, предусмотренных законодательством Российской Федерации о налогах и сборах, подлежащие зачислению в бюджеты субъектов Российской Федерации по нормативу, установленному Бюджетным кодексом Российской Федерации, распределяемые Федеральным казначейством между бюджетами субъектов Российской Федерации в соответствии с федеральным законом о федеральном бюджете",2024-10-01,5.2,11.6,221.4,2703817715,2024Q4
"Доходы, получаемые в виде арендной либо иной платы за передачу в возмездное пользование государственного и муниципального имущества (за исключением имущества бюджетных и автономных учреждений, а также имущества государственных и муниципальных унитарных предприятий, в том числе казенных)",2024-10-01,104.8,101.2,96.6,2703817714,2024Q4
"Платежи, уплачиваемые в целях возмещения вреда",2024-10-01,0.04,0.03,69.6,2703817713,2024Q4
Торговый сбор,2024-10-01,8.5,7.4,87.3,2703817712,2024Q4
Доходы от размещения средств бюджетов,2024-10-01,73.0,107.4,147.2,2703817711,2024Q4
Прочие неналоговые доходы,2024-10-01,39.9,72.0,180.5,2703817724,2024Q4
Налог на профессиональный доход,2024-10-01,11.1,10.4,94.5,2703817717,2024Q4
НАЛОГИ НА ИМУЩЕСТВО,2024-10-01,281.4,196.8,69.9,2703817725,2024Q4
ГОСУДАРСТВЕННАЯ ПОШЛИНА,2024-10-01,4.8,4.2,88.1,2703817742,2024Q4
ПЛАТЕЖИ ПРИ ПОЛЬЗОВАНИИ ПРИРОДНЫМИ РЕСУРСАМИ,2024-10-01,0.2,0.1,76.9,2703817727,2024Q4
Платежи в целях возмещения причиненного ущерба (убытков),2024-10-01,0.1,0.8,1286.4,2703817709,2024Q4
Сборы за пользование объектами животного мира и за пользование объектами водных биологических ресурсов,2024-10-01,0.01,0.01,129.6,2703817741,2024Q4
Налог на добычу полезных ископаемых,2024-10-01,0.0,0.003,0.0,2703817740,2024Q4
Доходы от компенсации затрат государства,2024-10-01,13.0,11.5,88.5,2703817739,2024Q4
"НАЛОГИ, СБОРЫ И РЕГУЛЯРНЫЕ ПЛАТЕЖИ ЗА ПОЛЬЗОВАНИЕ ПРИРОДНЫМИ РЕСУРСАМИ",2024-10-01,0.01,0.01,168.1,2703817738,2024Q4
Земельный налог,2024-10-01,28.1,19.3,68.5,2703817737,2024Q4
"Прочие неналоговые доходы в части невыясненных поступлений, по которым не осуществлен возврат (уточнение) не позднее трех лет со дня их зачисления на единый счет соответствующего бюджета бюджетной системы Российской Федерации",2024-10-01,0.001,0.001,116.9,2703817726,2024Q4
Доходы от оказания платных услуг (работ),2024-10-01,1.4,1.3,94.1,2703817736,2024Q4
ДОХОДЫ ОТ ОКАЗАНИЯ ПЛАТНЫХ УСЛУГ И КОМПЕНСАЦИИ ЗАТРАТ ГОСУДАРСТВА,2024-10-01,14.4,12.9,89.1,2703817734,2024Q4
Платежи при пользовании недрами,2024-10-01,0.01,0.01,145.1,2703817732,2024Q4
Налог на имущество организаций,2024-10-01,187.4,154.7,82.6,2703817731,2024Q4
Плата за негативное воздействие на окружающую среду,2024-10-01,0.2,0.1,73.5,2703817730,2024Q4
Безвозмездные поступления,2024-10-01,41.7,73.1,175.1,2703817729,2024Q4
Налог на имущество физических лиц,2024-10-01,32.2,8.2,25.4,2703817728,2024Q4
Налог на игорный бизнес,2024-10-01,0.4,0.2,46.2,2703817735,2024Q4
Транспортный налог,2024-10-01,33.3,14.4,43.3,2703817733,2024Q4
"Штрафы, неустойки, пени, уплаченные в соответствии с законом или договором в случае неисполнения или ненадлежащего исполнения обязательств перед государственным (муниципальным) органом, органом управления государственным внебюджетным фондом, казенным учреждением, Центральным банком Российской Федерации, иной организацией, действующей от имени Российской Федерации",2024-10-01,4.1,2.5,61.7,2703817708,2024Q4
Единый сельскохозяйственный налог,2024-10-01,0.1,0.1,136.8,2703817706,2024Q4
"Доходы от приватизации имущества, находящегося в государственной и муниципальной собственности",2024-10-01,4.4,15.4,348.6,2703817686,2024Q4
"ЗАДОЛЖЕННОСТЬ И ПЕРЕРАСЧЕТЫ ПО ОТМЕНЕННЫМ НАЛОГАМ, СБОРАМ И ИНЫМ ОБЯЗАТЕЛЬНЫМ ПЛАТЕЖАМ",2024-10-01,0.0,-0.001,0.0,2703817685,2024Q4
Налог на прибыль организаций,2024-10-01,1458.2,1163.5,79.8,2703817684,2024Q4
"Доходы от продажи земельных участков, находящихся в государственной и муниципальной собственности",2024-10-01,2.3,4.8,204.5,2703817683,2024Q4
"Государственная пошлина за государственную регистрацию, а также за совершение прочих юридически значимых действий",2024-10-01,1.9,1.3,67.1,2703817682,2024Q4
"Доходы от реализации имущества, находящегося в государственной и муниципальной собственности (за исключением движимого имущества бюджетных и автономных учреждений, а также имущества государственных и муниципальных унитарных предприятий, в том числе казенных)",2024-10-01,8.1,10.8,134.4,2703817680,2024Q4
Налог на доходы физических лиц,2024-10-01,1904.1,1454.5,76.4,2703817687,2024Q4
"Государственная пошлина за совершение действий, связанных с приобретением гражданства Российской Федерации или выходом из гражданства Российской Федерации, а также с въездом в Российскую Федерацию или выездом из Российской Федерации",2024-10-01,0.4,0.4,93.0,2703817679,2024Q4
Налоговые доходы,2024-10-01,3981.5,3105.3,78.0,2703817677,2024Q4
"Государственная пошлина за государственную регистрацию актов гражданского состояния и другие юридически значимые действия, совершаемые органами записи актов гражданского состояния и иными уполномоченными органами (за исключением консульских учреждений Российской Федерации)",2024-10-01,0.1,0.02,42.8,2703817676,2024Q4
ДОХОДЫ ОТ ПРОДАЖИ МАТЕРИАЛЬНЫХ И НЕМАТЕРИАЛЬНЫХ АКТИВОВ,2024-10-01,19.0,34.3,180.8,2703817675,2024Q4
"Доходы, всего",2024-10-01,4331.4,3562.3,82.2,2703817674,2024Q4
"Государственная пошлина по делам, рассматриваемым в судах общей юрисдикции, мировыми судьями",2024-10-01,2.4,2.5,105.2,2703817673,2024Q4
"Доходы в виде прибыли, приходящейся на доли в уставных (складочных) капиталах хозяйственных товариществ и обществ, или дивидендов по акциям, принадлежащим Российской Федерации, субъектам Российской Федерации или муниципальным образованиям",2024-10-01,1.6,2.3,142.1,2703817707,2024Q4
Доходы от продажи квартир,2024-10-01,4.2,3.3,79.2,2703817678,2024Q4
Платежи за пользование природными ресурсами,2024-10-01,0.0,1e-06,0.0,2703817688,2024Q4
"НАЛОГИ НА ПРИБЫЛЬ, ДОХОДЫ",2024-10-01,3362.3,2618.0,77.9,2703817681,2024Q4
Налоги на имущество,2024-10-01,0.0,-0.0004,0.0,2703817690,2024Q4
АДМИНИСТРАТИВНЫЕ ПЛАТЕЖИ И СБОРЫ,2024-10-01,0.2,0.3,152.4,2703817689,2024Q4
"Административные штрафы, установленные законами субъектов Российской Федерации об административных правонарушениях",2024-10-01,11.8,8.4,71.2,2703817704,2024Q4
Единый налог на вмененный доход для отдельных видов деятельности,2024-10-01,0.0,3e-05,0.0,2703817703,2024Q4
Неналоговые доходы,2024-10-01,308.1,384.0,124.6,2703817702,2024Q4
"Административные штрафы, установленные Кодексом Российской Федерации об административных правонарушениях, за административные правонарушения в области производства и оборота этилового спирта, алкогольной и спиртосодержащей продукции, а также за административные правонарушения порядка ценообразования в части регулирования цен на этиловый спирт, алкогольную и спиртосодержащую продукцию",2024-10-01,0.1,0.05,83.9,2703817701,2024Q4
"Налог, взимаемый в связи с применением упрощенной системы налогообложения",2024-10-01,238.1,215.9,90.7,2703817700,2024Q4
"Налог, взимаемый в виде стоимости патента в связи с применением упрощенной системы налогообложения",2024-10-01,0.0,-0.0002,0.0,2703817699,2024Q4
"Административные штрафы, установленные Кодексом Российской Федерации об административных правонарушениях",2024-10-01,25.1,23.6,94.2,2703817698,2024Q4
"ДОХОДЫ ОТ ИСПОЛЬЗОВАНИЯ ИМУЩЕСТВА, НАХОДЯЩЕГОСЯ В ГОСУДАРСТВЕННОЙ И МУНИЦИПАЛЬНОЙ СОБСТВЕННОСТИ",2024-10-01,188.0,217.3,115.6,2703817705,2024Q4
Прочие налоги и сборы (по отмененным местным налогам и сборам),2024-10-01,0.0,-1e-05,0.0,2703817696,2024Q4
"ШТРАФЫ, САНКЦИИ, ВОЗМЕЩЕНИЕ УЩЕРБА",2024-10-01,46.5,47.1,101.3,2703817695,2024Q4
"Акцизы по подакцизным товарам (продукции), производимым на территории Российской Федерации",2024-10-01,65.3,42.3,64.9,2703817694,2024Q4
Прочие налоги и сборы (по отмененным налогам и сборам субъектов Российской Федерации),2024-10-01,0.0,-0.0003,0.0,2703817693,2024Q4
"Платежи, взимаемые государственными и муниципальными органами (организациями) за выполнение определенных функций",2024-10-01,0.2,0.3,152.4,2703817692,2024Q4
"НАЛОГИ НА ТОВАРЫ (РАБОТЫ, УСЛУГИ), РЕАЛИЗУЕМЫЕ НА ТЕРРИТОРИИ РОССИЙСКОЙ ФЕДЕРАЦИИ",2024-10-01,65.3,42.3,64.9,2703817691,2024Q4
НАЛОГИ НА СОВОКУПНЫЙ ДОХОД,2024-10-01,267.7,243.8,91.1,2703817697,2024Q4
НАЛОГИ НА ИМУЩЕСТВО,2025-01-01,281.4,303.0,107.7,2724176442,2025Q1
Прочие неналоговые доходы,2025-01-01,39.9,91.2,228.7,2724176441,2025Q1
"Налог, взимаемый в связи с применением специального налогового режима «Автоматизированная упрощенная система налогообложения»",2025-01-01,0.3,0.7,219.8,2724176440,2025Q1
Платежи от государственных и муниципальных унитарных предприятий,2025-01-01,0.3,0.5,167.0,2724176439,2025Q1
Невыясненные поступления,2025-01-01,0.0,0.01,0.0,2724176438,2025Q1
Налог на профессиональный доход,2025-01-01,11.1,15.1,136.8,2724176437,2025Q1
ПРОЧИЕ НЕНАЛОГОВЫЕ ДОХОДЫ,2025-01-01,39.9,91.2,228.7,2724176436,2025Q1
"Доходы от сумм пеней, предусмотренных законодательством Российской Федерации о налогах и сборах, подлежащие зачислению в бюджеты субъектов Российской Федерации по нормативу, установленному Бюджетным кодексом Российской Федерации, распределяемые Федеральным казначейством между бюджетами субъектов Российской Федерации в соответствии с федеральным законом о федеральном бюджете",2025-01-01,5.2,18.1,343.9,2724176432,2025Q1
"Плата по соглашениям об установлении сервитута в отношении земельных участков, находящихся в государственной или муниципальной собственности",2025-01-01,0.004,0.03,585.1,2724176434,2025Q1
"Доходы, получаемые в виде арендной либо иной платы за передачу в возмездное пользование государственного и муниципального имущества (за исключением имущества бюджетных и автономных учреждений, а также имущества государственных и муниципальных унитарных предприятий, в том числе казенных)",2025-01-01,104.8,147.4,140.6,2724176433,2025Q1
"Налог, взимаемый в связи с применением патентной системы налогообложения",2025-01-01,9.7,9.4,97.3,2724176431,2025Q1
Доходы от размещения средств бюджетов,2025-01-01,73.0,206.4,283.0,2724176430,2025Q1
"Платежи, уплачиваемые в целях возмещения вреда",2025-01-01,0.04,0.1,118.5,2724176429,2025Q1
"Доходы в виде прибыли, приходящейся на доли в уставных (складочных) капиталах хозяйственных товариществ и обществ, или дивидендов по акциям, принадлежащим Российской Федерации, субъектам Российской Федерации или муниципальным образованиям",2025-01-01,1.6,2.5,152.6,2724176428,2025Q1
Торговый сбор,2025-01-01,8.5,10.0,117.3,2724176435,2025Q1
"Средства, получаемые от передачи имущества, находящегося в государственной и муниципальной собственности (за исключением имущества бюджетных и автономных учреждений, а также имущества государственных и муниципальных унитарных предприятий, в том числе казенных), в залог, в доверительное управление",2025-01-01,0.1,0.1,73.3,2724176444,2025Q1
Единый сельскохозяйственный налог,2025-01-01,0.1,0.1,132.4,2724176427,2025Q1
Налог на имущество физических лиц,2025-01-01,32.2,33.6,104.3,2724176446,2025Q1
Сборы за пользование объектами животного мира и за пользование объектами водных биологических ресурсов,2025-01-01,0.01,0.01,183.5,2724176461,2025Q1
Доходы от компенсации затрат государства,2025-01-01,13.0,18.2,139.6,2724176460,2025Q1
Налог на добычу полезных ископаемых,2025-01-01,0.0,0.01,0.0,2724176459,2025Q1
Доходы от оказания платных услуг (работ),2025-01-01,1.4,1.8,127.9,2724176458,2025Q1
"НАЛОГИ, СБОРЫ И РЕГУЛЯРНЫЕ ПЛАТЕЖИ ЗА ПОЛЬЗОВАНИЕ ПРИРОДНЫМИ РЕСУРСАМИ",2025-01-01,0.01,0.02,254.5,2724176457,2025Q1
ДОХОДЫ ОТ ОКАЗАНИЯ ПЛАТНЫХ УСЛУГ И КОМПЕНСАЦИИ ЗАТРАТ ГОСУДАРСТВА,2025-01-01,14.4,20.0,138.5,2724176456,2025Q1
Земельный налог,2025-01-01,28.1,27.1,96.2,2724176455,2025Q1
Платежи при пользовании недрами,2025-01-01,0.01,0.01,178.5,2724176454,2025Q1
Налог на игорный бизнес,2025-01-01,0.4,0.2,63.2,2724176453,2025Q1
Плата за негативное воздействие на окружающую среду,2025-01-01,0.2,0.2,95.0,2724176452,2025Q1
Безвозмездные поступления,2025-01-01,52.8,94.3,178.4,2724176451,2025Q1
Транспортный налог,2025-01-01,33.3,35.2,105.6,2724176450,2025Q1
ПЛАТЕЖИ ПРИ ПОЛЬЗОВАНИИ ПРИРОДНЫМИ РЕСУРСАМИ,2025-01-01,0.2,0.2,98.9,2724176449,2025Q1
Налог на имущество организаций,2025-01-01,187.4,206.9,110.4,2724176448,2025Q1
"Прочие неналоговые доходы в части невыясненных поступлений, по которым не осуществлен возврат (уточнение) не позднее трех лет со дня их зачисления на единый счет соответствующего бюджета бюджетной системы Российской Федерации",2025-01-01,0.001,0.001,185.7,2724176447,2025Q1
"Прочие доходы от использования имущества и прав, находящихся в государственной и муниципальной собственности (за исключением имущества бюджетных и автономных учреждений, а также имущества государственных и муниципальных унитарных предприятий, в том числе казенных)",2025-01-01,8.2,8.8,107.5,2724176445,2025Q1
Платежи в целях возмещения причиненного ущерба (убытков),2025-01-01,0.1,0.8,1363.5,2724176426,2025Q1
ГОСУДАРСТВЕННАЯ ПОШЛИНА,2025-01-01,4.8,6.9,143.5,2724176462,2025Q1
"Налог, взимаемый в связи с применением упрощенной системы налогообложения",2025-01-01,238.1,283.8,119.2,2724176424,2025Q1
"ЗАДОЛЖЕННОСТЬ И ПЕРЕРАСЧЕТЫ ПО ОТМЕНЕННЫМ НАЛОГАМ, СБОРАМ И ИНЫМ ОБЯЗАТЕЛЬНЫМ ПЛАТЕЖАМ",2025-01-01,0.0,-0.001,0.0,2724176404,2025Q1
"Плата за увеличение площади земельных участков, находящихся в частной собственности, в результате перераспределения таких земельных участков и земель (или) земельных участков, находящихся в государственной или муниципальной собственности",2025-01-01,0.0,0.01,0.0,2724176403,2025Q1
Налог на прибыль организаций,2025-01-01,1458.2,1599.2,109.7,2724176402,2025Q1
"Доходы от продажи земельных участков, находящихся в государственной и муниципальной собственности",2025-01-01,2.3,7.7,332.8,2724176401,2025Q1
"Государственная пошлина за государственную регистрацию, а также за совершение прочих юридически значимых действий",2025-01-01,1.9,1.8,94.2,2724176400,2025Q1
"НАЛОГИ НА ПРИБЫЛЬ, ДОХОДЫ",2025-01-01,3362.3,3795.0,112.9,2724176399,2025Q1
"Доходы от приватизации имущества, находящегося в государственной и муниципальной собственности",2025-01-01,4.4,18.8,425.3,2724176405,2025Q1
"Доходы от реализации имущества, находящегося в государственной и муниципальной собственности (за исключением движимого имущества бюджетных и автономных учреждений, а также имущества государственных и муниципальных унитарных предприятий, в том числе казенных)",2025-01-01,8.1,12.7,157.5,2724176398,2025Q1
Налоговые доходы,2025-01-01,3981.5,4487.9,112.7,2724176396,2025Q1
Доходы от продажи квартир,2025-01-01,4.2,4.7,113.4,2724176395,2025Q1
"Государственная пошлина за государственную регистрацию актов гражданского состояния и другие юридически значимые действия, совершаемые органами записи актов гражданского состояния и иными уполномоченными органами (за исключением консульских учреждений Российской Федерации)",2025-01-01,0.1,0.03,57.9,2724176394,2025Q1
"Доходы, всего",2025-01-01,4342.5,5170.2,119.1,2724176393,2025Q1
ДОХОДЫ ОТ ПРОДАЖИ МАТЕРИАЛЬНЫХ И НЕМАТЕРИАЛЬНЫХ АКТИВОВ,2025-01-01,19.0,43.9,231.7,2724176392,2025Q1
"Государственная пошлина по делам, рассматриваемым в судах общей юрисдикции, мировыми судьями",2025-01-01,2.4,4.6,190.9,2724176391,2025Q1
"Государственная пошлина за совершение действий, связанных с приобретением гражданства Российской Федерации или выходом из гражданства Российской Федерации, а также с въездом в Российскую Федерацию или выездом из Российской Федерации",2025-01-01,0.4,0.5,112.0,2724176397,2025Q1
Налог на доходы физических лиц,2025-01-01,1904.1,2195.7,115.3,2724176406,2025Q1
Единый налог на вмененный доход для отдельных видов деятельности,2025-01-01,0.0,0.0001,0.0,2724176425,2025Q1
Платежи за пользование природными ресурсами,2025-01-01,0.0,1e-06,0.0,2724176408,2025Q1
"ДОХОДЫ ОТ ИСПОЛЬЗОВАНИЯ ИМУЩЕСТВА, НАХОДЯЩЕГОСЯ В ГОСУДАРСТВЕННОЙ И МУНИЦИПАЛЬНОЙ СОБСТВЕННОСТИ",2025-01-01,188.0,365.7,194.5,2724176423,2025Q1
НАЛОГИ НА СОВОКУПНЫЙ ДОХОД,2025-01-01,267.7,319.2,119.2,2724176422,2025Q1
"Штрафы, неустойки, пени, уплаченные в соответствии с законом или договором в случае неисполнения или ненадлежащего исполнения обязательств перед государственным (муниципальным) органом, органом управления государственным внебюджетным фондом, казенным учреждением, Центральным банком Российской Федерации, иной организацией, действующей от имени Российской Федерации",2025-01-01,4.1,3.7,88.8,2724176421,2025Q1
"Акцизы по подакцизным товарам (продукции), производимым на территории Российской Федерации",2025-01-01,65.3,63.8,97.7,2724176420,2025Q1
АДМИНИСТРАТИВНЫЕ ПЛАТЕЖИ И СБОРЫ,2025-01-01,0.2,0.4,191.5,2724176407,2025Q1
"Налог, взимаемый в виде стоимости патента в связи с применением упрощенной системы налогообложения",2025-01-01,0.0,-0.0002,0.0,2724176418,2025Q1
"Административные штрафы, установленные законами субъектов Российской Федерации об административных правонарушениях",2025-01-01,11.8,12.7,107.4,2724176417,2025Q1
Неналоговые доходы,2025-01-01,308.1,588.0,190.8,2724176419,2025Q1
"Административные штрафы, установленные Кодексом Российской Федерации об административных правонарушениях, за административные правонарушения в области производства и оборота этилового спирта, алкогольной и спиртосодержащей продукции, а также за административные правонарушения порядка ценообразования в части регулирования цен на этиловый спирт, алкогольную и спиртосодержащую продукцию",2025-01-01,0.1,0.1,122.4,2724176415,2025Q1
"НАЛОГИ НА ТОВАРЫ (РАБОТЫ, УСЛУГИ), РЕАЛИЗУЕМЫЕ НА ТЕРРИТОРИИ РОССИЙСКОЙ ФЕДЕРАЦИИ",2025-01-01,65.3,63.8,97.7,2724176414,2025Q1
"Административные штрафы, установленные Кодексом Российской Федерации об административных правонарушениях",2025-01-01,25.1,31.2,124.3,2724176413,2025Q1
Прочие налоги и сборы (по отмененным налогам и сборам субъектов Российской Федерации),2025-01-01,0.0,-0.0003,0.0,2724176412,2025Q1
"ШТРАФЫ, САНКЦИИ, ВОЗМЕЩЕНИЕ УЩЕРБА",2025-01-01,46.5,66.5,143.2,2724176411,2025Q1
Налоги на имущество,2025-01-01,0.0,-0.0001,0.0,2724176410,2025Q1
"Платежи, взимаемые государственными и муниципальными органами (организациями) за выполнение определенных функций",2025-01-01,0.2,0.4,191.5,2724176409,2025Q1
Прочие налоги и сборы (по отмененным местным налогам и сборам),2025-01-01,0.0,-1e-05,0.0,2724176416,2025Q1
"Прочие неналоговые доходы в части невыясненных поступлений, по которым не осуществлен возврат (уточнение) не позднее трех лет со дня их зачисления на единый счет соответствующего бюджета бюджетной системы Российской Федерации",2025-04-01,0.001,0.0002,26.9,2755747661,2025Q2
Налог на имущество организаций,2025-04-01,207.6,55.2,26.6,2755747660,2025Q2
Платежи от государственных и муниципальных унитарных предприятий,2025-04-01,0.1,0.2,177.9,2755747659,2025Q2
Налог на имущество физических лиц,2025-04-01,36.2,1.7,4.6,2755747658,2025Q2
Прочие неналоговые доходы,2025-04-01,57.7,10.8,18.7,2755747657,2025Q2
Невыясненные поступления,2025-04-01,0.0,-0.005,0.0,2755747656,2025Q2
"Платежи, уплачиваемые в целях возмещения вреда",2025-04-01,0.03,0.01,24.6,2755747648,2025Q2
НАЛОГИ НА ИМУЩЕСТВО,2025-04-01,307.7,68.6,22.3,2755747654,2025Q2
ПРОЧИЕ НЕНАЛОГОВЫЕ ДОХОДЫ,2025-04-01,57.7,10.8,18.7,2755747653,2025Q2
"Доходы, получаемые в виде арендной либо иной платы за передачу в возмездное пользование государственного и муниципального имущества (за исключением имущества бюджетных и автономных учреждений, а также имущества государственных и муниципальных унитарных предприятий, в том числе казенных)",2025-04-01,135.0,28.6,21.2,2755747652,2025Q2
"Налог, взимаемый в связи с применением специального налогового режима «Автоматизированная упрощенная система налогообложения»",2025-04-01,0.7,0.2,31.5,2755747651,2025Q2
"Доходы от сумм пеней, предусмотренных законодательством Российской Федерации о налогах и сборах, подлежащие зачислению в бюджеты субъектов Российской Федерации по нормативу, установленному Бюджетным кодексом Российской Федерации, распределяемые Федеральным казначейством между бюджетами субъектов Российской Федерации в соответствии с федеральным законом о федеральном бюджете",2025-04-01,16.1,5.6,35.1,2755747650,2025Q2
Доходы от размещения средств бюджетов,2025-04-01,141.5,55.7,39.4,2755747649,2025Q2
"Прочие доходы от использования имущества и прав, находящихся в государственной и муниципальной собственности (за исключением имущества бюджетных и автономных учреждений, а также имущества государственных и муниципальных унитарных предприятий, в том числе казенных)",2025-04-01,11.5,3.8,33.1,2755747663,2025Q2
"Плата по соглашениям об установлении сервитута в отношении земельных участков, находящихся в государственной или муниципальной собственности",2025-04-01,0.01,0.001,10.2,2755747655,2025Q2
Транспортный налог,2025-04-01,34.3,3.7,10.9,2755747664,2025Q2
Налог на добычу полезных ископаемых,2025-04-01,0.0,0.1,0.0,2755747672,2025Q2
ПЛАТЕЖИ ПРИ ПОЛЬЗОВАНИИ ПРИРОДНЫМИ РЕСУРСАМИ,2025-04-01,0.2,0.04,26.9,2755747666,2025Q2
Налог на профессиональный доход,2025-04-01,17.4,4.7,27.3,2755747646,2025Q2
"Доходы в виде прибыли, приходящейся на доли в уставных (складочных) капиталах хозяйственных товариществ и обществ, или дивидендов по акциям, принадлежащим Российской Федерации, субъектам Российской Федерации или муниципальным образованиям",2025-04-01,2.0,0.0,0.0,2755751118,2025Q2
Прочие налоги и сборы (по отмененным налогам и сборам субъектов Российской Федерации),2025-04-01,0.0,0.0,0.0,2755751116,2025Q2
ДОХОДЫ ОТ ПРОДАЖИ МАТЕРИАЛЬНЫХ И НЕМАТЕРИАЛЬНЫХ АКТИВОВ,2025-04-01,36.4,9.1,25.1,2755747678,2025Q2
Доходы от компенсации затрат государства,2025-04-01,13.8,3.1,22.5,2755747677,2025Q2
ГОСУДАРСТВЕННАЯ ПОШЛИНА,2025-04-01,5.9,2.8,46.6,2755747676,2025Q2
Безвозмездные поступления,2025-04-01,39.2,45.3,115.6,2755747665,2025Q2
Доходы от оказания платных услуг (работ),2025-04-01,1.6,0.3,20.4,2755747675,2025Q2
ДОХОДЫ ОТ ОКАЗАНИЯ ПЛАТНЫХ УСЛУГ И КОМПЕНСАЦИИ ЗАТРАТ ГОСУДАРСТВА,2025-04-01,15.4,3.4,22.3,2755747673,2025Q2
"НАЛОГИ, СБОРЫ И РЕГУЛЯРНЫЕ ПЛАТЕЖИ ЗА ПОЛЬЗОВАНИЕ ПРИРОДНЫМИ РЕСУРСАМИ",2025-04-01,0.01,0.1,444.2,2755747671,2025Q2
Платежи при пользовании недрами,2025-04-01,0.0001,0.002,2048.5,2755747670,2025Q2
Земельный налог,2025-04-01,29.3,7.9,26.9,2755747669,2025Q2
Плата за негативное воздействие на окружающую среду,2025-04-01,0.2,0.04,25.7,2755747668,2025Q2
Налог на игорный бизнес,2025-04-01,0.2,0.1,61.8,2755747667,2025Q2
Сборы за пользование объектами животного мира и за пользование объектами водных биологических ресурсов,2025-04-01,0.01,0.002,14.6,2755747674,2025Q2
Платежи в целях возмещения причиненного ущерба (убытков),2025-04-01,0.1,-0.002,-1.4,2755747645,2025Q2
"Средства, получаемые от передачи имущества, находящегося в государственной и муниципальной собственности (за исключением имущества бюджетных и автономных учреждений, а также имущества государственных и муниципальных унитарных предприятий, в том числе казенных), в залог, в доверительное управление",2025-04-01,0.1,0.0,0.0,2755751119,2025Q2
Торговый сбор,2025-04-01,11.7,2.6,22.1,2755747643,2025Q2
"Доходы от приватизации имущества, находящегося в государственной и муниципальной собственности",2025-04-01,16.1,4.5,28.0,2755747622,2025Q2
Налог на доходы физических лиц,2025-04-01,2329.9,423.1,18.2,2755747621,2025Q2
"Государственная пошлина за государственную регистрацию, а также за совершение прочих юридически значимых действий",2025-04-01,2.0,0.6,29.3,2755747620,2025Q2
"Плата за увеличение площади земельных участков, находящихся в частной собственности, в результате перераспределения таких земельных участков и земель (или) земельных участков, находящихся в государственной или муниципальной собственности",2025-04-01,0.0,0.4,0.0,2755747619,2025Q2
Налог на прибыль организаций,2025-04-01,1581.5,491.6,31.1,2755747618,2025Q2
"Доходы от продажи земельных участков, находящихся в государственной и муниципальной собственности",2025-04-01,5.6,0.8,14.1,2755747617,2025Q2
"ЗАДОЛЖЕННОСТЬ И ПЕРЕРАСЧЕТЫ ПО ОТМЕНЕННЫМ НАЛОГАМ, СБОРАМ И ИНЫМ ОБЯЗАТЕЛЬНЫМ ПЛАТЕЖАМ",2025-04-01,0.0,-0.0002,0.0,2755747623,2025Q2
"Государственная пошлина за совершение действий, связанных с приобретением гражданства Российской Федерации или выходом из гражданства Российской Федерации, а также с въездом в Российскую Федерацию или выездом из Российской Федерации",2025-04-01,0.6,0.1,18.5,2755747616,2025Q2
"Доходы от реализации имущества, находящегося в государственной и муниципальной собственности (за исключением движимого имущества бюджетных и автономных учреждений, а также имущества государственных и муниципальных унитарных предприятий, в том числе казенных)",2025-04-01,9.1,2.5,26.9,2755747614,2025Q2
"Государственная пошлина за государственную регистрацию актов гражданского состояния и другие юридически значимые действия, совершаемые органами записи актов гражданского состояния и иными уполномоченными органами (за исключением консульских учреждений Российской Федерации)",2025-04-01,0.04,0.02,62.4,2755747613,2025Q2
Налоговые доходы,2025-04-01,4661.3,1055.1,22.6,2755747612,2025Q2
Доходы от продажи квартир,2025-04-01,5.6,1.0,17.6,2755747611,2025Q2
"Государственная пошлина по делам, рассматриваемым в судах общей юрисдикции, мировыми судьями",2025-04-01,3.2,2.0,62.7,2755747610,2025Q2
"Доходы, всего",2025-04-01,5160.5,1227.8,23.8,2755747609,2025Q2
"НАЛОГИ НА ПРИБЫЛЬ, ДОХОДЫ",2025-04-01,3911.4,914.6,23.4,2755747615,2025Q2
"НАЛОГИ НА ТОВАРЫ (РАБОТЫ, УСЛУГИ), РЕАЛИЗУЕМЫЕ НА ТЕРРИТОРИИ РОССИЙСКОЙ ФЕДЕРАЦИИ",2025-04-01,73.6,14.9,20.2,2755747624,2025Q2
"ДОХОДЫ ОТ ИСПОЛЬЗОВАНИЯ ИМУЩЕСТВА, НАХОДЯЩЕГОСЯ В ГОСУДАРСТВЕННОЙ И МУНИЦИПАЛЬНОЙ СОБСТВЕННОСТИ",2025-04-01,290.2,88.3,30.4,2755747644,2025Q2
Налоги на имущество,2025-04-01,0.0,-0.0004,0.0,2755747626,2025Q2
"Штрафы, неустойки, пени, уплаченные в соответствии с законом или договором в случае неисполнения или ненадлежащего исполнения обязательств перед государственным (муниципальным) органом, органом управления государственным внебюджетным фондом, казенным учреждением, Центральным банком Российской Федерации, иной организацией, действующей от имени Российской Федерации",2025-04-01,4.1,0.9,22.7,2755747642,2025Q2
"Налог, взимаемый в связи с применением патентной системы налогообложения",2025-04-01,11.4,4.8,41.8,2755747641,2025Q2
Неналоговые доходы,2025-04-01,460.0,127.4,27.7,2755747640,2025Q2
"Административные штрафы, установленные законами субъектов Российской Федерации об административных правонарушениях",2025-04-01,14.1,3.5,24.6,2755747639,2025Q2
АДМИНИСТРАТИВНЫЕ ПЛАТЕЖИ И СБОРЫ,2025-04-01,0.2,0.04,16.4,2755747625,2025Q2
"Налог, взимаемый в виде стоимости патента в связи с применением упрощенной системы налогообложения",2025-04-01,0.0,0.0002,0.0,2755747637,2025Q2
"Административные штрафы, установленные Кодексом Российской Федерации об административных правонарушениях, за административные правонарушения в области производства и оборота этилового спирта, алкогольной и спиртосодержащей продукции, а также за административные правонарушения порядка ценообразования в части регулирования цен на этиловый спирт, алкогольную и спиртосодержащую продукцию",2025-04-01,0.1,0.01,27.8,2755747636,2025Q2
Единый сельскохозяйственный налог,2025-04-01,0.1,0.1,57.4,2755747638,2025Q2
Прочие налоги и сборы (по отмененным местным налогам и сборам),2025-04-01,0.0,1e-05,0.0,2755747634,2025Q2
"Административные штрафы, установленные Кодексом Российской Федерации об административных правонарушениях",2025-04-01,25.5,5.6,22.0,2755747633,2025Q2
"Налог, взимаемый в связи с применением упрощенной системы налогообложения",2025-04-01,321.4,41.8,13.0,2755747632,2025Q2
"ШТРАФЫ, САНКЦИИ, ВОЗМЕЩЕНИЕ УЩЕРБА",2025-04-01,60.0,15.7,26.1,2755747631,2025Q2
НАЛОГИ НА СОВОКУПНЫЙ ДОХОД,2025-04-01,362.7,54.2,14.9,2755747630,2025Q2
"Акцизы по подакцизным товарам (продукции), производимым на территории Российской Федерации",2025-04-01,73.6,14.9,20.2,2755747628,2025Q2
"Платежи, взимаемые государственными и муниципальными органами (организациями) за выполнение определенных функций",2025-04-01,0.2,0.04,16.4,2755747627,2025Q2
Единый налог на вмененный доход для отдельных видов деятельности,2025-04-01,0.0,-0.0001,0.0,2755747635,2025Q2
"Средства, получаемые от передачи имущества, находящегося в государственной и муниципальной собственности (за исключением имущества бюджетных и автономных учреждений, а также имущества государственных и муниципальных унитарных предприятий, в том числе казенных), в залог, в доверительное управление",2025-07-01,0.1,0.1,190.9,2790281814,2025Q3
Невыясненные поступления,2025-07-01,0.0,0.01,0.0,2790281813,2025Q3
Налог на имущество физических лиц,2025-07-01,36.2,2.2,6.2,2790281812,2025Q3
Платежи от государственных и муниципальных унитарных предприятий,2025-07-01,0.1,0.5,464.5,2790281811,2025Q3
НАЛОГИ НА ИМУЩЕСТВО,2025-07-01,307.7,138.4,45.0,2790281810,2025Q3
ПРОЧИЕ НЕНАЛОГОВЫЕ ДОХОДЫ,2025-07-01,57.7,28.5,49.4,2790281809,2025Q3
Торговый сбор,2025-07-01,11.7,7.6,64.4,2790281801,2025Q3
"Доходы от сумм пеней, предусмотренных законодательством Российской Федерации о налогах и сборах, подлежащие зачислению в бюджеты субъектов Российской Федерации по нормативу, установленному Бюджетным кодексом Российской Федерации, распределяемые Федеральным казначейством между бюджетами субъектов Российской Федерации в соответствии с федеральным законом о федеральном бюджете",2025-07-01,16.1,12.7,79.3,2790281807,2025Q3
"Налог, взимаемый в связи с применением специального налогового режима «Автоматизированная упрощенная система налогообложения»",2025-07-01,0.7,0.5,64.8,2790281806,2025Q3
"Доходы, получаемые в виде арендной либо иной платы за передачу в возмездное пользование государственного и муниципального имущества (за исключением имущества бюджетных и автономных учреждений, а также имущества государственных и муниципальных унитарных предприятий, в том числе казенных)",2025-07-01,135.0,63.7,47.2,2790281805,2025Q3
Налог на профессиональный доход,2025-07-01,17.4,9.9,56.7,2790281804,2025Q3
"Платежи, уплачиваемые в целях возмещения вреда",2025-07-01,0.03,0.02,66.6,2790281803,2025Q3
Доходы от размещения средств бюджетов,2025-07-01,141.5,114.1,80.7,2790281802,2025Q3
Налог на имущество организаций,2025-07-01,207.6,110.2,53.1,2790281815,2025Q3
"Плата по соглашениям об установлении сервитута в отношении земельных участков, находящихся в государственной или муниципальной собственности",2025-07-01,0.01,0.01,107.0,2790281808,2025Q3
Прочие неналоговые доходы,2025-07-01,57.7,28.5,49.3,2790281816,2025Q3
Платежи при пользовании недрами,2025-07-01,0.0001,0.004,4332.1,2790281825,2025Q3
Транспортный налог,2025-07-01,34.3,6.9,20.2,2790281818,2025Q3
Платежи в целях возмещения причиненного ущерба (убытков),2025-07-01,0.1,0.03,25.3,2790281800,2025Q3
ДОХОДЫ ОТ ПРОДАЖИ МАТЕРИАЛЬНЫХ И НЕМАТЕРИАЛЬНЫХ АКТИВОВ,2025-07-01,36.4,19.9,54.8,2790281833,2025Q3
Доходы от компенсации затрат государства,2025-07-01,13.8,7.5,54.2,2790281832,2025Q3
ГОСУДАРСТВЕННАЯ ПОШЛИНА,2025-07-01,5.9,5.5,93.5,2790281831,2025Q3
Доходы от оказания платных услуг (работ),2025-07-01,1.6,0.8,49.0,2790281830,2025Q3
Сборы за пользование объектами животного мира и за пользование объектами водных биологических ресурсов,2025-07-01,0.01,0.002,17.8,2790281829,2025Q3
ДОХОДЫ ОТ ОКАЗАНИЯ ПЛАТНЫХ УСЛУГ И КОМПЕНСАЦИИ ЗАТРАТ ГОСУДАРСТВА,2025-07-01,15.4,8.2,53.7,2790281828,2025Q3
Налог на добычу полезных ископаемых,2025-07-01,0.0,0.1,0.0,2790281827,2025Q3
"НАЛОГИ, СБОРЫ И РЕГУЛЯРНЫЕ ПЛАТЕЖИ ЗА ПОЛЬЗОВАНИЕ ПРИРОДНЫМИ РЕСУРСАМИ",2025-07-01,0.01,0.1,437.4,2790281826,2025Q3
Земельный налог,2025-07-01,29.3,18.7,63.8,2790281824,2025Q3
Плата за негативное воздействие на окружающую среду,2025-07-01,0.2,0.1,50.1,2790281823,2025Q3
Безвозмездные поступления,2025-07-01,47.3,69.6,147.1,2790281822,2025Q3
Налог на игорный бизнес,2025-07-01,0.2,0.3,142.6,2790281821,2025Q3
ПЛАТЕЖИ ПРИ ПОЛЬЗОВАНИИ ПРИРОДНЫМИ РЕСУРСАМИ,2025-07-01,0.2,0.1,52.5,2790281820,2025Q3
"Прочие неналоговые доходы в части невыясненных поступлений, по которым не осуществлен возврат (уточнение) не позднее трех лет со дня их зачисления на единый счет соответствующего бюджета бюджетной системы Российской Федерации",2025-07-01,0.001,0.0004,66.1,2790281819,2025Q3
"Прочие доходы от использования имущества и прав, находящихся в государственной и муниципальной собственности (за исключением имущества бюджетных и автономных учреждений, а также имущества государственных и муниципальных унитарных предприятий, в том числе казенных)",2025-07-01,11.5,7.1,61.5,2790281817,2025Q3
"Доходы в виде прибыли, приходящейся на доли в уставных (складочных) капиталах хозяйственных товариществ и обществ, или дивидендов по акциям, принадлежащим Российской Федерации, субъектам Российской Федерации или муниципальным образованиям",2025-07-01,2.0,0.0,0.0,2790281902,2025Q3
"Налог, взимаемый в связи с применением патентной системы налогообложения",2025-07-01,11.4,9.3,81.3,2790281798,2025Q3
"ДОХОДЫ ОТ ИСПОЛЬЗОВАНИЯ ИМУЩЕСТВА, НАХОДЯЩЕГОСЯ В ГОСУДАРСТВЕННОЙ И МУНИЦИПАЛЬНОЙ СОБСТВЕННОСТИ",2025-07-01,290.2,185.5,63.9,2790281796,2025Q3
Налог на доходы физических лиц,2025-07-01,2329.9,950.2,40.8,2790281777,2025Q3
"Доходы от приватизации имущества, находящегося в государственной и муниципальной собственности",2025-07-01,16.1,10.2,63.5,2790281776,2025Q3
Налог на прибыль организаций,2025-07-01,1581.5,863.1,54.6,2790281775,2025Q3
"Государственная пошлина за государственную регистрацию, а также за совершение прочих юридически значимых действий",2025-07-01,2.0,1.0,50.1,2790281774,2025Q3
"Плата за увеличение площади земельных участков, находящихся в частной собственности, в результате перераспределения таких земельных участков и земель (или) земельных участков, находящихся в государственной или муниципальной собственности",2025-07-01,0.0,0.7,0.0,2790281773,2025Q3
"Государственная пошлина за совершение действий, связанных с приобретением гражданства Российской Федерации или выходом из гражданства Российской Федерации, а также с въездом в Российскую Федерацию или выездом из Российской Федерации",2025-07-01,0.6,0.2,38.0,2790281771,2025Q3
"ЗАДОЛЖЕННОСТЬ И ПЕРЕРАСЧЕТЫ ПО ОТМЕНЕННЫМ НАЛОГАМ, СБОРАМ И ИНЫМ ОБЯЗАТЕЛЬНЫМ ПЛАТЕЖАМ",2025-07-01,0.0,-0.0004,0.0,2790281778,2025Q3
"Доходы от продажи земельных участков, находящихся в государственной и муниципальной собственности",2025-07-01,5.6,1.6,28.7,2790281770,2025Q3
Налоговые доходы,2025-07-01,4661.3,2183.5,46.8,2790281768,2025Q3
"Доходы от реализации имущества, находящегося в государственной и муниципальной собственности (за исключением движимого имущества бюджетных и автономных учреждений, а также имущества государственных и муниципальных унитарных предприятий, в том числе казенных)",2025-07-01,9.1,5.2,56.7,2790281767,2025Q3
"Государственная пошлина по делам, рассматриваемым в судах общей юрисдикции, мировыми судьями",2025-07-01,3.2,4.2,131.0,2790281766,2025Q3
"Доходы, всего",2025-07-01,5168.6,2535.3,49.1,2790281765,2025Q3
Доходы от продажи квартир,2025-07-01,5.6,2.2,40.0,2790281764,2025Q3
"Штрафы, неустойки, пени, уплаченные в соответствии с законом или договором в случае неисполнения или ненадлежащего исполнения обязательств перед государственным (муниципальным) органом, органом управления государственным внебюджетным фондом, казенным учреждением, Центральным банком Российской Федерации, иной организацией, действующей от имени Российской Федерации",2025-07-01,4.1,2.2,54.4,2790281797,2025Q3
"Государственная пошлина за государственную регистрацию актов гражданского состояния и другие юридически значимые действия, совершаемые органами записи актов гражданского состояния и иными уполномоченными органами (за исключением консульских учреждений Российской Федерации)",2025-07-01,0.04,0.05,130.7,2790281769,2025Q3
АДМИНИСТРАТИВНЫЕ ПЛАТЕЖИ И СБОРЫ,2025-07-01,0.2,0.2,91.8,2790281779,2025Q3
"НАЛОГИ НА ПРИБЫЛЬ, ДОХОДЫ",2025-07-01,3911.4,1813.2,46.4,2790281772,2025Q3
"НАЛОГИ НА ТОВАРЫ (РАБОТЫ, УСЛУГИ), РЕАЛИЗУЕМЫЕ НА ТЕРРИТОРИИ РОССИЙСКОЙ ФЕДЕРАЦИИ",2025-07-01,73.6,27.1,36.8,2790281781,2025Q3
Единый сельскохозяйственный налог,2025-07-01,0.1,0.1,66.1,2790281795,2025Q3
Налоги на имущество,2025-07-01,0.0,-0.001,0.0,2790281780,2025Q3
"Административные штрафы, установленные законами субъектов Российской Федерации об административных правонарушениях",2025-07-01,14.1,8.1,57.3,2790281794,2025Q3
Единый налог на вмененный доход для отдельных видов деятельности,2025-07-01,0.0,-0.0001,0.0,2790281793,2025Q3
Неналоговые доходы,2025-07-01,460.0,282.2,61.3,2790281792,2025Q3
"Налог, взимаемый в связи с применением упрощенной системы налогообложения",2025-07-01,321.4,172.1,53.5,2790281790,2025Q3
"Налог, взимаемый в виде стоимости патента в связи с применением упрощенной системы налогообложения",2025-07-01,0.0,0.0002,0.0,2790281789,2025Q3
"Административные штрафы, установленные Кодексом Российской Федерации об административных правонарушениях, за административные правонарушения в области производства и оборота этилового спирта, алкогольной и спиртосодержащей продукции, а также за административные правонарушения порядка ценообразования в части регулирования цен на этиловый спирт, алкогольную и спиртосодержащую продукцию",2025-07-01,0.1,0.03,63.5,2790281791,2025Q3
НАЛОГИ НА СОВОКУПНЫЙ ДОХОД,2025-07-01,362.7,199.3,54.9,2790281787,2025Q3
Прочие налоги и сборы (по отмененным местным налогам и сборам),2025-07-01,0.0,1e-05,0.0,2790281786,2025Q3
"ШТРАФЫ, САНКЦИИ, ВОЗМЕЩЕНИЕ УЩЕРБА",2025-07-01,60.0,39.7,66.2,2790281785,2025Q3
"Акцизы по подакцизным товарам (продукции), производимым на территории Российской Федерации",2025-07-01,73.6,27.1,36.8,2790281784,2025Q3
Прочие налоги и сборы (по отмененным налогам и сборам субъектов Российской Федерации),2025-07-01,0.0,-2e-06,0.0,2790281783,2025Q3
"Платежи, взимаемые государственными и муниципальными органами (организациями) за выполнение определенных функций",2025-07-01,0.2,0.2,91.8,2790281782,2025Q3
"Административные штрафы, установленные Кодексом Российской Федерации об административных правонарушениях",2025-07-01,25.5,16.6,65.1,2790281788,2025Q3
Невыясненные поступления,2025-10-01,0.0,0.1,0.0,2807627836,2025Q4
НАЛОГИ НА ИМУЩЕСТВО,2025-10-01,307.7,213.0,69.2,2807627831,2025Q4
"Средства, получаемые от передачи имущества, находящегося в государственной и муниципальной собственности (за исключением имущества бюджетных и автономных учреждений, а также имущества государственных и муниципальных унитарных предприятий, в том числе казенных), в залог, в доверительное управление",2025-10-01,0.1,0.1,190.9,2807627835,2025Q4
Налог на имущество физических лиц,2025-10-01,36.2,9.1,25.2,2807627834,2025Q4
ПРОЧИЕ НЕНАЛОГОВЫЕ ДОХОДЫ,2025-10-01,57.7,40.0,69.4,2807627833,2025Q4
Платежи от государственных и муниципальных унитарных предприятий,2025-10-01,0.1,0.5,464.5,2807627832,2025Q4
"Доходы от сумм пеней, предусмотренных законодательством Российской Федерации о налогах и сборах, подлежащие зачислению в бюджеты субъектов Российской Федерации по нормативу, установленному Бюджетным кодексом Российской Федерации, распределяемые Федеральным казначейством между бюджетами субъектов Российской Федерации в соответствии с федеральным законом о федеральном бюджете",2025-10-01,16.1,18.6,115.8,2807627830,2025Q4
Торговый сбор,2025-10-01,11.7,12.6,107.0,2807627823,2025Q4
"Налог, взимаемый в связи с применением специального налогового режима «Автоматизированная упрощенная система налогообложения»",2025-10-01,0.7,0.8,103.3,2807627828,2025Q4
"Платежи, уплачиваемые в целях возмещения вреда",2025-10-01,0.03,0.03,94.4,2807627827,2025Q4
Налог на профессиональный доход,2025-10-01,17.4,15.3,88.0,2807627826,2025Q4
"Доходы, получаемые в виде арендной либо иной платы за передачу в возмездное пользование государственного и муниципального имущества (за исключением имущества бюджетных и автономных учреждений, а также имущества государственных и муниципальных унитарных предприятий, в том числе казенных)",2025-10-01,135.0,99.1,73.4,2807627825,2025Q4
Платежи в целях возмещения причиненного ущерба (убытков),2025-10-01,0.1,0.1,115.3,2807627824,2025Q4
"Прочие доходы от использования имущества и прав, находящихся в государственной и муниципальной собственности (за исключением имущества бюджетных и автономных учреждений, а также имущества государственных и муниципальных унитарных предприятий, в том числе казенных)",2025-10-01,11.5,10.7,92.8,2807627837,2025Q4
"Плата по соглашениям об установлении сервитута в отношении земельных участков, находящихся в государственной или муниципальной собственности",2025-10-01,0.01,0.02,232.3,2807627829,2025Q4
ДОХОДЫ ОТ ПРОДАЖИ МАТЕРИАЛЬНЫХ И НЕМАТЕРИАЛЬНЫХ АКТИВОВ,2025-10-01,36.4,30.0,82.6,2807627855,2025Q4
ГОСУДАРСТВЕННАЯ ПОШЛИНА,2025-10-01,5.9,8.4,142.2,2807627854,2025Q4
Прочие неналоговые доходы,2025-10-01,57.7,39.9,69.2,2807627839,2025Q4
"Штрафы, неустойки, пени, уплаченные в соответствии с законом или договором в случае неисполнения или ненадлежащего исполнения обязательств перед государственным (муниципальным) органом, органом управления государственным внебюджетным фондом, казенным учреждением, Центральным банком Российской Федерации, иной организацией, действующей от имени Российской Федерации",2025-10-01,4.1,3.0,72.9,2807627822,2025Q4
Доходы от компенсации затрат государства,2025-10-01,13.8,12.1,87.6,2807627853,2025Q4
Сборы за пользование объектами животного мира и за пользование объектами водных биологических ресурсов,2025-10-01,0.01,0.004,28.7,2807627852,2025Q4
Доходы от оказания платных услуг (работ),2025-10-01,1.6,1.2,78.5,2807627851,2025Q4
Налог на добычу полезных ископаемых,2025-10-01,0.0,0.1,0.0,2807627850,2025Q4
ДОХОДЫ ОТ ОКАЗАНИЯ ПЛАТНЫХ УСЛУГ И КОМПЕНСАЦИИ ЗАТРАТ ГОСУДАРСТВА,2025-10-01,15.4,13.3,86.7,2807627849,2025Q4
"НАЛОГИ, СБОРЫ И РЕГУЛЯРНЫЕ ПЛАТЕЖИ ЗА ПОЛЬЗОВАНИЕ ПРИРОДНЫМИ РЕСУРСАМИ",2025-10-01,0.01,0.1,448.9,2807627848,2025Q4
Земельный налог,2025-10-01,29.3,27.6,94.0,2807627847,2025Q4
Платежи при пользовании недрами,2025-10-01,0.0001,0.01,6357.8,2807627846,2025Q4
Безвозмездные поступления,2025-10-01,73.8,99.2,134.4,2807627845,2025Q4
Налог на игорный бизнес,2025-10-01,0.2,0.6,242.7,2807627844,2025Q4
Плата за негативное воздействие на окружающую среду,2025-10-01,0.2,0.1,74.1,2807627843,2025Q4
"Прочие неналоговые доходы в части невыясненных поступлений, по которым не осуществлен возврат (уточнение) не позднее трех лет со дня их зачисления на единый счет соответствующего бюджета бюджетной системы Российской Федерации",2025-10-01,0.001,0.0005,77.3,2807627842,2025Q4
Транспортный налог,2025-10-01,34.3,14.3,41.6,2807627841,2025Q4
ПЛАТЕЖИ ПРИ ПОЛЬЗОВАНИИ ПРИРОДНЫМИ РЕСУРСАМИ,2025-10-01,0.2,0.1,77.6,2807627840,2025Q4
Налог на имущество организаций,2025-10-01,207.6,161.4,77.8,2807627838,2025Q4
Доходы от размещения средств бюджетов,2025-10-01,141.5,184.2,130.2,2807627821,2025Q4
"НАЛОГИ НА ТОВАРЫ (РАБОТЫ, УСЛУГИ), РЕАЛИЗУЕМЫЕ НА ТЕРРИТОРИИ РОССИЙСКОЙ ФЕДЕРАЦИИ",2025-10-01,73.6,48.3,65.6,2807627802,2025Q4
"Административные штрафы, установленные законами субъектов Российской Федерации об административных правонарушениях",2025-10-01,14.1,14.1,100.2,2807627819,2025Q4
"Доходы от приватизации имущества, находящегося в государственной и муниципальной собственности",2025-10-01,16.1,15.5,96.5,2807627798,2025Q4
"ЗАДОЛЖЕННОСТЬ И ПЕРЕРАСЧЕТЫ ПО ОТМЕНЕННЫМ НАЛОГАМ, СБОРАМ И ИНЫМ ОБЯЗАТЕЛЬНЫМ ПЛАТЕЖАМ",2025-10-01,0.0,-0.0005,0.0,2807627797,2025Q4
Налог на прибыль организаций,2025-10-01,1581.5,1230.4,77.8,2807627796,2025Q4
"Плата за увеличение площади земельных участков, находящихся в частной собственности, в результате перераспределения таких земельных участков и земель (или) земельных участков, находящихся в государственной или муниципальной собственности",2025-10-01,0.0,1.2,0.0,2807627795,2025Q4
"Государственная пошлина за государственную регистрацию, а также за совершение прочих юридически значимых действий",2025-10-01,2.0,1.5,73.8,2807627794,2025Q4
"Налог, взимаемый в связи с применением патентной системы налогообложения",2025-10-01,11.4,9.8,86.5,2807627820,2025Q4
Налог на доходы физических лиц,2025-10-01,2329.9,1637.2,70.3,2807627799,2025Q4
"Доходы от продажи земельных участков, находящихся в государственной и муниципальной собственности",2025-10-01,5.6,2.4,43.5,2807627792,2025Q4
Налоговые доходы,2025-10-01,4661.3,3413.7,73.2,2807627790,2025Q4
"Доходы от реализации имущества, находящегося в государственной и муниципальной собственности (за исключением движимого имущества бюджетных и автономных учреждений, а также имущества государственных и муниципальных унитарных предприятий, в том числе казенных)",2025-10-01,9.1,7.7,84.4,2807627789,2025Q4
"Государственная пошлина за государственную регистрацию актов гражданского состояния и другие юридически значимые действия, совершаемые органами записи актов гражданского состояния и иными уполномоченными органами (за исключением консульских учреждений Российской Федерации)",2025-10-01,0.04,0.1,203.7,2807627788,2025Q4
Доходы от продажи квартир,2025-10-01,5.6,3.2,58.0,2807627787,2025Q4
"Государственная пошлина по делам, рассматриваемым в судах общей юрисдикции, мировыми судьями",2025-10-01,3.2,6.5,200.5,2807627786,2025Q4
"Доходы, всего",2025-10-01,5195.1,3951.9,76.1,2807627785,2025Q4
"Государственная пошлина за совершение действий, связанных с приобретением гражданства Российской Федерации или выходом из гражданства Российской Федерации, а также с въездом в Российскую Федерацию или выездом из Российской Федерации",2025-10-01,0.6,0.4,57.8,2807627791,2025Q4
Налоги на имущество,2025-10-01,0.0,-0.001,0.0,2807627800,2025Q4
"НАЛОГИ НА ПРИБЫЛЬ, ДОХОДЫ",2025-10-01,3911.4,2867.6,73.3,2807627793,2025Q4
Прочие налоги и сборы (по отмененным налогам и сборам субъектов Российской Федерации),2025-10-01,0.0,-2e-06,0.0,2807627803,2025Q4
АДМИНИСТРАТИВНЫЕ ПЛАТЕЖИ И СБОРЫ,2025-10-01,0.2,0.3,135.7,2807627801,2025Q4
"Доходы в виде прибыли, приходящейся на доли в уставных (складочных) капиталах хозяйственных товариществ и обществ, или дивидендов по акциям, принадлежащим Российской Федерации, субъектам Российской Федерации или муниципальным образованиям",2025-10-01,2.0,0.4,17.8,2807627818,2025Q4
Единый сельскохозяйственный налог,2025-10-01,0.1,0.1,107.1,2807627817,2025Q4
"Административные штрафы, установленные Кодексом Российской Федерации об административных правонарушениях, за административные правонарушения в области производства и оборота этилового спирта, алкогольной и спиртосодержащей продукции, а также за административные правонарушения порядка ценообразования в части регулирования цен на этиловый спирт, алкогольную и спиртосодержащую продукцию",2025-10-01,0.1,0.1,105.4,2807627816,2025Q4
"ДОХОДЫ ОТ ИСПОЛЬЗОВАНИЯ ИМУЩЕСТВА, НАХОДЯЩЕГОСЯ В ГОСУДАРСТВЕННОЙ И МУНИЦИПАЛЬНОЙ СОБСТВЕННОСТИ",2025-10-01,290.2,295.0,101.7,2807627815,2025Q4
"Административные штрафы, установленные главой 12 Кодекса Российской Федерации об административных правонарушениях, за административные правонарушения в области дорожного движения, налагаемые должностными лицами органов исполнительной власти субъектов Российской Федерации, учреждениями субъектов Российской Федерации (штрафы за нарушение Правил дорожного движения, правил эксплуатации транспортного средства, налагаемые должностными лицами органов исполнительной власти субъектов Российской Федерации при осуществлении полномочий в рамках соглашения с федеральным органом исполнительной власти о передаче осуществления части полномочий, заключенного в соответствии со статьей 23.79 Кодекса Российской Федерации об административных правонарушениях)",2025-10-01,3.0,2.9,97.8,2807627813,2025Q4
Неналоговые доходы,2025-10-01,460.0,439.0,95.4,2807627812,2025Q4
Единый налог на вмененный доход для отдельных видов деятельности,2025-10-01,0.0,-0.0001,0.0,2807627814,2025Q4
"Административные штрафы, установленные Кодексом Российской Федерации об административных правонарушениях",2025-10-01,25.5,24.3,95.1,2807627810,2025Q4
"Налог, взимаемый в виде стоимости патента в связи с применением упрощенной системы налогообложения",2025-10-01,0.0,0.0002,0.0,2807627809,2025Q4
НАЛОГИ НА СОВОКУПНЫЙ ДОХОД,2025-10-01,362.7,276.4,76.2,2807627808,2025Q4
"ШТРАФЫ, САНКЦИИ, ВОЗМЕЩЕНИЕ УЩЕРБА",2025-10-01,60.0,60.2,100.4,2807627807,2025Q4
Прочие налоги и сборы (по отмененным местным налогам и сборам),2025-10-01,0.0,1e-05,0.0,2807627806,2025Q4
"Акцизы по подакцизным товарам (продукции), производимым на территории Российской Федерации",2025-10-01,73.6,48.3,65.6,2807627805,2025Q4
"Платежи, взимаемые государственными и муниципальными органами (организациями) за выполнение определенных функций",2025-10-01,0.2,0.3,135.7,2807627804,2025Q4
"Налог, взимаемый в связи с применением упрощенной системы налогообложения",2025-10-01,321.4,237.9,74.0,2807627811,2025Q4
Платежи от государственных и муниципальных унитарных предприятий,2026-01-01,0.1,0.5,464.5,2846351738,2026Q1
ПРОЧИЕ НЕНАЛОГОВЫЕ ДОХОДЫ,2026-01-01,57.7,63.5,110.1,2846351743,2026Q1
Налог на имущество физических лиц,2026-01-01,36.2,39.4,108.9,2846351742,2026Q1
"Средства, получаемые от передачи имущества, находящегося в государственной и муниципальной собственности (за исключением имущества бюджетных и автономных учреждений, а также имущества государственных и муниципальных унитарных предприятий, в том числе казенных), в залог, в доверительное управление",2026-01-01,0.1,0.1,190.9,2846351741,2026Q1
"Доходы от сумм пеней, предусмотренных законодательством Российской Федерации о налогах и сборах, подлежащие зачислению в бюджеты субъектов Российской Федерации по нормативу, установленному Бюджетным кодексом Российской Федерации, распределяемые Федеральным казначейством между бюджетами субъектов Российской Федерации в соответствии с федеральным законом о федеральном бюджете",2026-01-01,16.1,27.4,170.7,2846351740,2026Q1
НАЛОГИ НА ИМУЩЕСТВО,2026-01-01,307.7,329.5,107.1,2846351739,2026Q1
"Платежи, уплачиваемые в целях возмещения вреда",2026-01-01,0.0,0.1,295.1,2846351737,2026Q1
Торговый сбор,2026-01-01,11.7,17.5,149.2,2846351729,2026Q1
"Налог, взимаемый в связи с применением специального налогового режима «Автоматизированная упрощенная система налогообложения»",2026-01-01,0.7,1.1,147.4,2846351735,2026Q1
Платежи в целях возмещения причиненного ущерба (убытков),2026-01-01,0.1,0.2,135.0,2846351734,2026Q1
Налог на профессиональный доход,2026-01-01,17.4,20.6,118.6,2846351733,2026Q1
"Доходы, получаемые в виде арендной либо иной платы за передачу в возмездное пользование государственного и муниципального имущества (за исключением имущества бюджетных и автономных учреждений, а также имущества государственных и муниципальных унитарных предприятий, в том числе казенных)",2026-01-01,135.0,145.5,107.7,2846351732,2026Q1
"Штрафы, неустойки, пени, уплаченные в соответствии с законом или договором в случае неисполнения или ненадлежащего исполнения обязательств перед государственным (муниципальным) органом, органом управления государственным внебюджетным фондом, казенным учреждением, Центральным банком Российской Федерации, иной организацией, действующей от имени Российской Федерации",2026-01-01,4.1,5.0,120.7,2846351731,2026Q1
Доходы от размещения средств бюджетов,2026-01-01,141.5,274.3,193.9,2846351730,2026Q1
"Плата по соглашениям об установлении сервитута в отношении земельных участков, находящихся в государственной или муниципальной собственности",2026-01-01,0.0,0.1,803.6,2846351736,2026Q1
"Прочие доходы от использования имущества и прав, находящихся в государственной и муниципальной собственности (за исключением имущества бюджетных и автономных учреждений, а также имущества государственных и муниципальных унитарных предприятий, в том числе казенных)",2026-01-01,11.5,14.3,124.2,2846351745,2026Q1
Сборы за пользование объектами животного мира и за пользование объектами водных биологических ресурсов,2026-01-01,0.0,0.0,53.5,2846351764,2026Q1
ПЛАТЕЖИ ПРИ ПОЛЬЗОВАНИИ ПРИРОДНЫМИ РЕСУРСАМИ,2026-01-01,0.2,0.2,109.8,2846351747,2026Q1
"Административные штрафы, установленные законами субъектов Российской Федерации об административных правонарушениях",2026-01-01,14.1,19.9,141.2,2846351728,2026Q1
Регулярные платежи за добычу полезных ископаемых (роялти) при выполнении соглашений о разделе продукции,2026-01-01,0.0,0.0,0.0,2846351763,2026Q1
Доходы от компенсации затрат государства,2026-01-01,13.8,21.3,154.4,2846351761,2026Q1
Налог на добычу полезных ископаемых,2026-01-01,0.0,0.1,0.0,2846351760,2026Q1
Доходы от оказания платных услуг (работ),2026-01-01,1.6,1.7,105.8,2846351759,2026Q1
"НАЛОГИ, СБОРЫ И РЕГУЛЯРНЫЕ ПЛАТЕЖИ ЗА ПОЛЬЗОВАНИЕ ПРИРОДНЫМИ РЕСУРСАМИ",2026-01-01,0.0,0.1,476.8,2846351758,2026Q1
ДОХОДЫ ОТ ОКАЗАНИЯ ПЛАТНЫХ УСЛУГ И КОМПЕНСАЦИИ ЗАТРАТ ГОСУДАРСТВА,2026-01-01,15.4,22.9,149.4,2846351757,2026Q1
Безвозмездные поступления,2026-01-01,77.6,124.1,159.8,2846351756,2026Q1
Земельный налог,2026-01-01,29.3,37.2,126.6,2846351755,2026Q1
Платежи при пользовании недрами,2026-01-01,0.0,0.0,7365.7,2846351754,2026Q1
"Прочие неналоговые доходы в части невыясненных поступлений, по которым не осуществлен возврат (уточнение) не позднее трех лет со дня их зачисления на единый счет соответствующего бюджета бюджетной системы Российской Федерации",2026-01-01,0.0,0.0,106.3,2846351752,2026Q1
Налог на игорный бизнес,2026-01-01,0.2,0.8,339.9,2846351751,2026Q1
Плата за негативное воздействие на окружающую среду,2026-01-01,0.2,0.2,105.8,2846351750,2026Q1
Прочие неналоговые доходы,2026-01-01,57.7,63.3,109.8,2846351749,2026Q1
Транспортный налог,2026-01-01,34.3,35.9,104.7,2846351748,2026Q1
Невыясненные поступления,2026-01-01,0.0,0.2,0.0,2846351746,2026Q1
"Доходы в виде прибыли, приходящейся на доли в уставных (складочных) капиталах хозяйственных товариществ и обществ, или дивидендов по акциям, принадлежащим Российской Федерации, субъектам Российской Федерации или муниципальным образованиям",2026-01-01,2.0,0.4,18.5,2846351727,2026Q1
Налог на имущество организаций,2026-01-01,207.6,216.1,104.1,2846351744,2026Q1
"Административные штрафы, установленные Кодексом Российской Федерации об административных правонарушениях, за административные правонарушения в области производства и оборота этилового спирта, алкогольной и спиртосодержащей продукции, а также за административные правонарушения порядка ценообразования в части регулирования цен на этиловый спирт, алкогольную и спиртосодержащую продукцию",2026-01-01,0.1,0.1,148.3,2846351725,2026Q1
"Государственная пошлина за государственную регистрацию, а также за совершение прочих юридически значимых действий",2026-01-01,2.0,2.1,103.7,2846351705,2026Q1
"Плата за увеличение площади земельных участков, находящихся в частной собственности, в результате перераспределения таких земельных участков и земель (или) земельных участков, находящихся в государственной или муниципальной собственности",2026-01-01,0.0,5.9,0.0,2846351704,2026Q1
Налог на прибыль организаций,2026-01-01,1581.5,1571.3,99.4,2846351703,2026Q1
"Государственная пошлина за совершение действий, связанных с приобретением гражданства Российской Федерации или выходом из гражданства Российской Федерации, а также с въездом в Российскую Федерацию или выездом из Российской Федерации",2026-01-01,0.6,0.5,73.1,2846351702,2026Q1
"Доходы от продажи земельных участков, находящихся в государственной и муниципальной собственности",2026-01-01,5.6,2.8,50.9,2846351701,2026Q1
"НАЛОГИ НА ПРИБЫЛЬ, ДОХОДЫ",2026-01-01,3911.4,3973.4,101.6,2846351700,2026Q1
Налог на доходы физических лиц,2026-01-01,2329.9,2402.1,103.1,2846351706,2026Q1
"Государственная пошлина за государственную регистрацию актов гражданского состояния и другие юридически значимые действия, совершаемые органами записи актов гражданского состояния и иными уполномоченными органами (за исключением консульских учреждений Российской Федерации)",2026-01-01,0.0,0.1,276.7,2846351699,2026Q1
Налоговые доходы,2026-01-01,4661.3,4744.8,101.8,2846351697,2026Q1
"Государственная пошлина по делам, рассматриваемым в судах общей юрисдикции, мировыми судьями",2026-01-01,3.2,8.8,273.5,2846351696,2026Q1
Доходы от продажи квартир,2026-01-01,5.6,5.1,91.5,2846351695,2026Q1
"Доходы, всего",2026-01-01,5198.9,5523.0,106.2,2846351694,2026Q1
ГОСУДАРСТВЕННАЯ ПОШЛИНА,2026-01-01,5.9,11.5,194.4,2846351693,2026Q1
"Налог, взимаемый в связи с применением патентной системы налогообложения",2026-01-01,11.4,15.7,138.3,2846351726,2026Q1
"Доходы от реализации имущества, находящегося в государственной и муниципальной собственности (за исключением движимого имущества бюджетных и автономных учреждений, а также имущества государственных и муниципальных унитарных предприятий, в том числе казенных)",2026-01-01,9.1,10.7,117.3,2846351698,2026Q1
"Доходы от приватизации имущества, находящегося в государственной и муниципальной собственности",2026-01-01,16.1,19.3,120.1,2846351707,2026Q1
ДОХОДЫ ОТ ПРОДАЖИ МАТЕРИАЛЬНЫХ И НЕМАТЕРИАЛЬНЫХ АКТИВОВ,2026-01-01,36.4,43.8,120.5,2846351692,2026Q1
АДМИНИСТРАТИВНЫЕ ПЛАТЕЖИ И СБОРЫ,2026-01-01,0.2,0.5,210.7,2846351709,2026Q1
"ДОХОДЫ ОТ ИСПОЛЬЗОВАНИЯ ИМУЩЕСТВА, НАХОДЯЩЕГОСЯ В ГОСУДАРСТВЕННОЙ И МУНИЦИПАЛЬНОЙ СОБСТВЕННОСТИ",2026-01-01,290.2,435.2,150.0,2846351724,2026Q1
Единый сельскохозяйственный налог,2026-01-01,0.1,0.1,107.0,2846351723,2026Q1
Неналоговые доходы,2026-01-01,460.0,654.1,142.2,2846351722,2026Q1
"Административные штрафы, установленные Кодексом Российской Федерации об административных правонарушениях",2026-01-01,25.5,35.4,138.7,2846351721,2026Q1
"ЗАДОЛЖЕННОСТЬ И ПЕРЕРАСЧЕТЫ ПО ОТМЕНЕННЫМ НАЛОГАМ, СБОРАМ И ИНЫМ ОБЯЗАТЕЛЬНЫМ ПЛАТЕЖАМ",2026-01-01,0.0,0.0,0.0,2846351708,2026Q1
"Налог, взимаемый в виде стоимости патента в связи с применением упрощенной системы налогообложения",2026-01-01,0.0,0.0,0.0,2846351719,2026Q1
"Налог, взимаемый в связи с применением упрощенной системы налогообложения",2026-01-01,321.4,307.5,95.7,2846351718,2026Q1
Единый налог на вмененный доход для отдельных видов деятельности,2026-01-01,0.0,0.0,0.0,2846351720,2026Q1
Прочие налоги и сборы (по отмененным местным налогам и сборам),2026-01-01,0.0,0.0,0.0,2846351716,2026Q1
НАЛОГИ НА СОВОКУПНЫЙ ДОХОД,2026-01-01,362.7,362.6,100.0,2846351715,2026Q1
Прочие налоги и сборы (по отмененным налогам и сборам субъектов Российской Федерации),2026-01-01,0.0,0.0,0.0,2846351714,2026Q1
"Платежи, взимаемые государственными и муниципальными органами (организациями) за выполнение определенных функций",2026-01-01,0.2,0.5,210.7,2846351713,2026Q1
"Акцизы по подакцизным товарам (продукции), производимым на территории Российской Федерации",2026-01-01,73.6,67.8,92.1,2846351712,2026Q1
Налоги на имущество,2026-01-01,0.0,0.0,0.0,2846351711,2026Q1
"НАЛОГИ НА ТОВАРЫ (РАБОТЫ, УСЛУГИ), РЕАЛИЗУЕМЫЕ НА ТЕРРИТОРИИ РОССИЙСКОЙ ФЕДЕРАЦИИ",2026-01-01,73.6,67.8,92.1,2846351710,2026Q1
"ШТРАФЫ, САНКЦИИ, ВОЗМЕЩЕНИЕ УЩЕРБА",2026-01-01,60.0,88.0,146.7,2846351717,2026Q1
Доходы от продажи квартир,2026-04-01,4.8,1.8,37.8,5068413351,2026Q2
ДОХОДЫ ОТ ПРОДАЖИ МАТЕРИАЛЬНЫХ И НЕМАТЕРИАЛЬНЫХ АКТИВОВ,2026-04-01,36.8,10.1,27.5,5068413350,2026Q2
Доходы от компенсации затрат государства,2026-04-01,50.8,14.6,28.8,5068413349,2026Q2
Доходы от оказания платных услуг (работ),2026-04-01,1.7,0.3,16.8,5068413348,2026Q2
ДОХОДЫ ОТ ОКАЗАНИЯ ПЛАТНЫХ УСЛУГ И КОМПЕНСАЦИИ ЗАТРАТ ГОСУДАРСТВА,2026-04-01,52.4,14.9,28.4,5068413347,2026Q2
ПЛАТЕЖИ ПРИ ПОЛЬЗОВАНИИ ПРИРОДНЫМИ РЕСУРСАМИ,2026-04-01,0.2,0.1,69.5,5068413346,2026Q2
"Доходы в виде прибыли, приходящейся на доли в уставных (складочных) капиталах хозяйственных товариществ и обществ, или дивидендов по акциям, принадлежащим Российской Федерации, субъектам Российской Федерации или муниципальным образованиям",2026-04-01,0.4,0.0,0.0,5068413338,2026Q2
Платежи при пользовании недрами,2026-04-01,0.0001,0.001,2209.3,5068413344,2026Q2
"Прочие доходы от использования имущества и прав, находящихся в государственной и муниципальной собственности (за исключением имущества бюджетных и автономных учреждений, а также имущества государственных и муниципальных унитарных предприятий, в том числе казенных)",2026-04-01,14.4,2.8,19.8,5068413343,2026Q2
Платежи от государственных и муниципальных унитарных предприятий,2026-04-01,0.2,0.2,145.2,5068413342,2026Q2
"Средства, получаемые от передачи имущества, находящегося в государственной и муниципальной собственности (за исключением имущества бюджетных и автономных учреждений, а также имущества государственных и муниципальных унитарных предприятий, в том числе казенных), в залог, в доверительное управление",2026-04-01,0.1,0.1,169.1,5068413341,2026Q2
"Доходы, получаемые в виде арендной либо иной платы за передачу в возмездное пользование государственного и муниципального имущества (за исключением имущества бюджетных и автономных учреждений, а также имущества государственных и муниципальных унитарных предприятий, в том числе казенных)",2026-04-01,135.7,30.4,22.4,5068413340,2026Q2
"Плата по соглашениям об установлении сервитута в отношении земельных участков, находящихся в государственной или муниципальной собственности",2026-04-01,0.01,-0.01,-70.9,5068413339,2026Q2
Плата за негативное воздействие на окружающую среду,2026-04-01,0.2,0.1,68.9,5068413345,2026Q2
"Доходы от реализации имущества, находящегося в государственной и муниципальной собственности (за исключением движимого имущества бюджетных и автономных учреждений, а также имущества государственных и муниципальных унитарных предприятий, в том числе казенных)",2026-04-01,10.0,3.0,30.5,5068413352,2026Q2
"Административные штрафы, установленные Кодексом Российской Федерации об административных правонарушениях, за административные правонарушения в области производства и оборота этилового спирта, алкогольной и спиртосодержащей продукции, а также за административные правонарушения порядка ценообразования в части регулирования цен на этиловый спирт, алкогольную и спиртосодержащую продукцию",2026-04-01,0.1,0.02,24.8,5068413360,2026Q2
"Доходы от приватизации имущества, находящегося в государственной и муниципальной собственности",2026-04-01,17.8,2.7,15.2,5068413354,2026Q2
Доходы от размещения средств бюджетов,2026-04-01,158.5,24.6,15.5,5068413337,2026Q2
ПРОЧИЕ НЕНАЛОГОВЫЕ ДОХОДЫ,2026-04-01,49.0,20.1,41.0,5068413368,2026Q2
Прочие неналоговые доходы,2026-04-01,49.0,20.3,41.3,5068413367,2026Q2
Невыясненные поступления,2026-04-01,0.0,-0.2,0.0,5068413366,2026Q2
"Доходы от сумм пеней, предусмотренных законодательством Российской Федерации о налогах и сборах, подлежащие зачислению в бюджеты субъектов Российской Федерации по нормативу, установленному Бюджетным кодексом Российской Федерации, распределяемые Федеральным казначейством между бюджетами субъектов Российской Федерации в соответствии с федеральным законом о федеральном бюджете",2026-04-01,26.2,6.4,24.3,5068413365,2026Q2
Платежи в целях возмещения причиненного ущерба (убытков),2026-04-01,0.1,0.1,130.1,5068413364,2026Q2
"Доходы от продажи земельных участков, находящихся в государственной и муниципальной собственности",2026-04-01,2.9,1.1,37.8,5068413353,2026Q2
"Платежи, уплачиваемые в целях возмещения вреда",2026-04-01,0.1,0.03,46.0,5068413363,2026Q2
"Административные штрафы, установленные Кодексом Российской Федерации об административных правонарушениях",2026-04-01,30.0,9.4,31.2,5068413361,2026Q2
"ШТРАФЫ, САНКЦИИ, ВОЗМЕЩЕНИЕ УЩЕРБА",2026-04-01,86.3,22.4,25.9,5068413359,2026Q2
"Административные штрафы, установленные законами субъектов Российской Федерации об административных правонарушениях",2026-04-01,25.8,4.1,15.9,5068413358,2026Q2
"Плата за увеличение площади земельных участков, находящихся в частной собственности, в результате перераспределения таких земельных участков и земель (или) земельных участков, находящихся в государственной или муниципальной собственности",2026-04-01,1.3,1.5,112.2,5068413357,2026Q2
"Платежи, взимаемые государственными и муниципальными органами (организациями) за выполнение определенных функций",2026-04-01,0.3,0.1,39.1,5068413356,2026Q2
АДМИНИСТРАТИВНЫЕ ПЛАТЕЖИ И СБОРЫ,2026-04-01,0.3,0.1,39.1,5068413355,2026Q2
"Штрафы, неустойки, пени, уплаченные в соответствии с законом или договором в случае неисполнения или ненадлежащего исполнения обязательств перед государственным (муниципальным) органом, органом управления государственным внебюджетным фондом, казенным учреждением, Центральным банком Российской Федерации, иной организацией, действующей от имени Российской Федерации",2026-04-01,4.2,2.4,57.5,5068413362,2026Q2
"ДОХОДЫ ОТ ИСПОЛЬЗОВАНИЯ ИМУЩЕСТВА, НАХОДЯЩЕГОСЯ В ГОСУДАРСТВЕННОЙ И МУНИЦИПАЛЬНОЙ СОБСТВЕННОСТИ",2026-04-01,309.2,58.1,18.8,5068413336,2026Q2
Транспортный налог,2026-04-01,37.5,3.3,8.8,5068413318,2026Q2
"Налог, взимаемый в виде стоимости патента в связи с применением упрощенной системы налогообложения",2026-04-01,0.0,-1e-05,0.0,5068413334,2026Q2
"Налог, взимаемый в связи с применением специального налогового режима «Автоматизированная упрощенная система налогообложения»",2026-04-01,1.4,4.1,304.2,5068413314,2026Q2
Налог на профессиональный доход,2026-04-01,25.0,5.0,20.1,5068413313,2026Q2
"Налог, взимаемый в связи с применением патентной системы налогообложения",2026-04-01,5.7,-0.2,-3.4,5068413312,2026Q2
Единый сельскохозяйственный налог,2026-04-01,0.1,0.05,37.6,5068413311,2026Q2
НАЛОГИ НА СОВОКУПНЫЙ ДОХОД,2026-04-01,416.3,51.8,12.4,5068413310,2026Q2
"Налог, взимаемый в связи с применением упрощенной системы налогообложения",2026-04-01,363.9,38.0,10.4,5068413309,2026Q2
Торговый сбор,2026-04-01,20.2,4.8,24.0,5068413315,2026Q2
Налоговые доходы,2026-04-01,5402.9,1072.3,19.8,5068413308,2026Q2
Налог на доходы физических лиц,2026-04-01,2692.9,476.6,17.7,5068413306,2026Q2
"НАЛОГИ НА ТОВАРЫ (РАБОТЫ, УСЛУГИ), РЕАЛИЗУЕМЫЕ НА ТЕРРИТОРИИ РОССИЙСКОЙ ФЕДЕРАЦИИ",2026-04-01,75.2,16.6,22.1,5068413305,2026Q2
"НАЛОГИ НА ПРИБЫЛЬ, ДОХОДЫ",2026-04-01,4533.7,931.0,20.5,5068413304,2026Q2
Налог на прибыль организаций,2026-04-01,1840.9,454.4,24.7,5068413303,2026Q2
"Доходы, всего",2026-04-01,5982.8,1243.1,20.8,5068413302,2026Q2
"Прочие неналоговые доходы в части невыясненных поступлений, по которым не осуществлен возврат (уточнение) не позднее трех лет со дня их зачисления на единый счет соответствующего бюджета бюджетной системы Российской Федерации",2026-04-01,0.002,0.002,96.6,5068413369,2026Q2
"Акцизы по подакцизным товарам (продукции), производимым на территории Российской Федерации",2026-04-01,75.2,16.6,22.1,5068413307,2026Q2
Неналоговые доходы,2026-04-01,534.4,125.9,23.6,5068413335,2026Q2
НАЛОГИ НА ИМУЩЕСТВО,2026-04-01,365.2,70.1,19.2,5068413316,2026Q2
Земельный налог,2026-04-01,37.5,8.2,21.8,5068413319,2026Q2
Прочие налоги и сборы (по отмененным налогам и сборам субъектов Российской Федерации),2026-04-01,0.1,0.1,92.0,5068413333,2026Q2
Прочие налоги и сборы (по отмененным местным налогам и сборам),2026-04-01,0.0,-4e-05,0.0,5068413332,2026Q2
Прочие налоги и сборы (по отмененным федеральным налогам и сборам),2026-04-01,0.0,0.0,0.0,5068413331,2026Q2
"ЗАДОЛЖЕННОСТЬ И ПЕРЕРАСЧЕТЫ ПО ОТМЕНЕННЫМ НАЛОГАМ, СБОРАМ И ИНЫМ ОБЯЗАТЕЛЬНЫМ ПЛАТЕЖАМ",2026-04-01,0.1,0.1,91.9,5068413330,2026Q2
Налоги на имущество,2026-04-01,0.0,-3e-05,0.0,5068413329,2026Q2
"Государственная пошлина за государственную регистрацию, а также за совершение прочих юридически значимых действий",2026-04-01,2.2,0.5,21.7,5068413328,2026Q2
Налог на имущество физических лиц,2026-04-01,40.9,1.6,3.8,5068413317,2026Q2
"Государственная пошлина за совершение действий, связанных с приобретением гражданства Российской Федерации или выходом из гражданства Российской Федерации, а также с въездом в Российскую Федерацию или выездом из Российской Федерации",2026-04-01,0.7,0.1,17.2,5068413327,2026Q2
ГОСУДАРСТВЕННАЯ ПОШЛИНА,2026-04-01,12.4,2.7,21.7,5068413325,2026Q2
"Государственная пошлина по делам, рассматриваемым в судах общей юрисдикции, мировыми судьями",2026-04-01,9.4,2.1,22.0,5068413324,2026Q2
Сборы за пользование объектами животного мира и за пользование объектами водных биологических ресурсов,2026-04-01,0.01,0.002,33.8,5068413323,2026Q2
Налог на добычу полезных ископаемых,2026-04-01,0.0,0.0002,0.0,5068413322,2026Q2
"НАЛОГИ, СБОРЫ И РЕГУЛЯРНЫЕ ПЛАТЕЖИ ЗА ПОЛЬЗОВАНИЕ ПРИРОДНЫМИ РЕСУРСАМИ",2026-04-01,0.01,0.002,37.3,5068413321,2026Q2
Налог на имущество организаций,2026-04-01,249.2,57.1,22.9,5068413320,2026Q2
"Государственная пошлина за государственную регистрацию актов гражданского состояния и другие юридически значимые действия, совершаемые органами записи актов гражданского состояния и иными уполномоченными органами (за исключением консульских учреждений Российской Федерации)",2026-04-01,0.1,0.02,21.7,5068413326,2026Q2
Безвозмездные поступления,2026-04-01,45.6,44.9,98.5,5068413370,2026Q2
